-- --------------------------------------------------------
-- Host:                         127.0.0.1
-- Server version:               11.5.2-MariaDB - mariadb.org binary distribution
-- Server OS:                    Win64
-- HeidiSQL Version:             12.6.0.6765
-- --------------------------------------------------------

/*!40101 SET @OLD_CHARACTER_SET_CLIENT=@@CHARACTER_SET_CLIENT */;
/*!40101 SET NAMES utf8 */;
/*!50503 SET NAMES utf8mb4 */;
/*!40103 SET @OLD_TIME_ZONE=@@TIME_ZONE */;
/*!40103 SET TIME_ZONE='+00:00' */;
/*!40014 SET @OLD_FOREIGN_KEY_CHECKS=@@FOREIGN_KEY_CHECKS, FOREIGN_KEY_CHECKS=0 */;
/*!40101 SET @OLD_SQL_MODE=@@SQL_MODE, SQL_MODE='NO_AUTO_VALUE_ON_ZERO' */;
/*!40111 SET @OLD_SQL_NOTES=@@SQL_NOTES, SQL_NOTES=0 */;

-- Dumping data for table qboxproject_668ffc.bank_accounts_new: ~42 rows (approximately)
INSERT INTO `bank_accounts_new` (`id`, `amount`, `transactions`, `auth`, `isFrozen`, `creator`) VALUES
	('762', 0, '[]', '[]', 0, NULL),
	('ambulance', 400, '[]', '[]', 0, NULL),
	('ballas', 0, '[]', '[]', 0, NULL),
	('bcso', 0, '[]', '[]', 0, NULL),
	('blackwoods', 0, '[]', '[]', 0, NULL),
	('bus', 0, '[]', '[]', 0, NULL),
	('cardealer', 0, '[]', '[]', 0, NULL),
	('cartel', 0, '[]', '[]', 0, NULL),
	('crw', 0, '[]', '[]', 0, NULL),
	('enchanted', 0, '[]', '[]', 0, NULL),
	('families', 0, '[]', '[]', 0, NULL),
	('fmc', 0, '[]', '[]', 0, NULL),
	('garbage', 0, '[]', '[]', 0, NULL),
	('grm', 0, '[]', '[]', 0, NULL),
	('gsf', 0, '[]', '[]', 0, NULL),
	('hotdog', 0, '[]', '[]', 0, NULL),
	('judge', 0, '[]', '[]', 0, NULL),
	('justchilling', 0, '[]', '[]', 0, NULL),
	('k.c', 0, '[]', '[]', 0, NULL),
	('lawyer', 0, '[]', '[]', 0, NULL),
	('lostmc', 0, '[]', '[]', 0, NULL),
	('lsg', 0, '[]', '[]', 0, NULL),
	('ltp', 0, '[]', '[]', 0, NULL),
	('mechanic', 0, '[]', '[]', 0, NULL),
	('none', 0, '[]', '[]', 0, NULL),
	('police', 2555, '[]', '[]', 0, NULL),
	('realestate', 0, '[]', '[]', 0, NULL),
	('reporter', 0, '[]', '[]', 0, NULL),
	('sasp', 0, '[]', '[]', 0, NULL),
	('shd', 0, '[]', '[]', 0, NULL),
	('sin', 0, '[]', '[]', 0, NULL),
	('soochi', 0, '[]', '[]', 0, NULL),
	('taco', 0, '[]', '[]', 0, NULL),
	('taxi', 0, '[]', '[]', 0, NULL),
	('tow', 0, '[]', '[]', 0, NULL),
	('triads', 0, '[]', '[]', 0, NULL),
	('trucker', 0, '[]', '[]', 0, NULL),
	('und', 0, '[]', '[]', 0, NULL),
	('unemployed', 0, '[]', '[]', 0, NULL),
	('vagos', 0, '[]', '[]', 0, NULL),
	('vgf', 0, '[]', '[]', 0, NULL),
	('vineyard', 0, '[]', '[]', 0, NULL);

-- Dumping data for table qboxproject_668ffc.bans: ~0 rows (approximately)

-- Dumping data for table qboxproject_668ffc.bounties: ~0 rows (approximately)

-- Dumping data for table qboxproject_668ffc.cd_garage_keys: ~0 rows (approximately)

-- Dumping data for table qboxproject_668ffc.cd_garage_privategarage: ~0 rows (approximately)

-- Dumping data for table qboxproject_668ffc.character_unique_ids: ~0 rows (approximately)

-- Dumping data for table qboxproject_668ffc.criminals: ~0 rows (approximately)

-- Dumping data for table qboxproject_668ffc.dealers: ~0 rows (approximately)

-- Dumping data for table qboxproject_668ffc.dpkeybinds: ~0 rows (approximately)

-- Dumping data for table qboxproject_668ffc.ev_identifiers: ~0 rows (approximately)

-- Dumping data for table qboxproject_668ffc.fd_laptop: ~9 rows (approximately)
INSERT INTO `fd_laptop` (`id`, `identifier`, `background`, `dark_mode`, `username`, `profile_picture`, `installedApps`, `desktopApps`) VALUES
	(1, 'Z9B5D8M6', '8.jpg', 1, 'obvious1867', 'https://avatars.githubusercontent.com/u/70206085', '[]', '[]'),
	(2, 'Y47QQO20', '1.jpg', 1, 'worldly9766', 'https://avatars.githubusercontent.com/u/98821450', '[]', '[]'),
	(3, 'GCO14523', '8.jpg', 1, 'stable6898', 'https://avatars.githubusercontent.com/u/5181382', '[]', '[]'),
	(4, 'P31S0U12', '2.png', 1, 'standard7405', 'https://avatars.githubusercontent.com/u/88743679', '[]', '[]'),
	(5, 'XKXFT79R', '9.jpg', 1, 'magnificent6317', 'https://avatars.githubusercontent.com/u/32300131', '[]', '[]'),
	(6, 'ZOM2ZLHO', '7.jpg', 1, 'nervous2676', 'https://avatars.githubusercontent.com/u/84526158', '[]', '[]'),
	(7, 'K9V6O0N4', '4.jpg', 1, 'noteworthy5378', 'https://avatars.githubusercontent.com/u/57548522', '[]', '[]'),
	(8, 'R25CEL3I', '9.jpg', 1, 'winding5697', 'https://avatars.githubusercontent.com/u/61157421', '[]', '[]'),
	(9, 'PK8BR0R0', '9.jpg', 1, 'darling3800', 'https://avatars.githubusercontent.com/u/30108714', '[]', '[]'),
	(10, 'V7J9L525', '9.jpg', 1, 'substantial5984', 'https://avatars.githubusercontent.com/u/33969721', '[]', '[]'),
	(11, 'DF2333H2', '1.jpg', 1, 'rapid7130', 'https://avatars.githubusercontent.com/u/97808001', '[]', '[]');

-- Dumping data for table qboxproject_668ffc.fuel_stations: ~27 rows (approximately)
INSERT INTO `fuel_stations` (`location`, `owned`, `owner`, `fuel`, `fuelprice`, `balance`, `label`) VALUES
	(1, 0, '0', 100000, 3, 0, 'Davis Avenue Ron'),
	(2, 0, '0', 100000, 3, 0, 'Grove Street LTD'),
	(3, 0, '0', 100000, 3, 0, 'Dutch London Xero'),
	(4, 0, '0', 100000, 3, 0, 'Little Seoul LTD'),
	(5, 0, '0', 100000, 3, 0, 'Strawberry Ave Xero'),
	(6, 0, '0', 100000, 3, 0, 'Popular Street Ron'),
	(7, 0, '0', 100000, 3, 0, 'Capital Blvd Ron'),
	(8, 0, '0', 100000, 3, 0, 'Mirror Park LTD'),
	(9, 0, '0', 100000, 3, 0, 'Clinton Ave Globe Oil'),
	(10, 0, '0', 100000, 3, 0, 'North Rockford Ron'),
	(11, 0, '0', 100000, 3, 0, 'Great Ocean Xero'),
	(12, 0, '0', 100000, 3, 0, 'Paleto Blvd Xero'),
	(13, 0, '0', 100000, 3, 0, 'Paleto Ron'),
	(14, 0, '0', 100000, 3, 0, 'Paleto Globe Oil'),
	(15, 0, '0', 100000, 3, 0, 'Grapeseed LTD'),
	(16, 0, '0', 100000, 3, 0, 'Sandy Shores Xero'),
	(17, 0, '0', 100000, 3, 0, 'Sandy Shores Globe Oil'),
	(18, 0, '0', 100000, 3, 0, 'Senora Freeway Xero'),
	(19, 0, '0', 100000, 3, 0, 'Harmony Globe Oil'),
	(20, 0, '0', 100000, 3, 0, 'Route 68 Globe Oil'),
	(21, 0, '0', 100000, 3, 0, 'Route 68 Workshop Globe O'),
	(22, 0, '0', 100000, 3, 0, 'Route 68 Xero'),
	(23, 0, '0', 100000, 3, 0, 'Route 68 Ron'),
	(24, 0, '0', 100000, 3, 0, 'Rex\'s Diner Globe Oil'),
	(25, 0, '0', 100000, 3, 0, 'Palmino Freeway Ron'),
	(26, 0, '0', 100000, 3, 0, 'North Rockford LTD'),
	(27, 0, '0', 100000, 3, 0, 'Alta Street Globe Oil');

-- Dumping data for table qboxproject_668ffc.gangs: ~11 rows (approximately)
INSERT INTO `gangs` (`id`, `tag`, `name`, `created_at`, `balance`, `home_turf`, `last_blueprint`, `last_gift`, `last_home_turf`, `penalty`, `last_bm_shop`, `storage`, `boss_menu`, `color`, `purchased_hints`, `ranks`, `image`, `leader_cid`, `last_active`, `war`, `warOutfit`, `prevalence`) VALUES
	(39, 'crw', 'The Crew', '2024-08-06 00:01:27', 0, 'KOREAT', 0, 1726892823, 1727395008, 0, 0, 'vector3(-690.63, -878.44, 24.50)', NULL, 47, '[]', ' Prospect, Member,OG, Treasurer, Sergeant at Arms,Core, President', 'nui://ant-gangsystem/logos/logo.png', 'ABF02924', '10-03-2024 08:34', 0, 'NA', 0),
	(42, 'und', 'Underground', '2024-08-09 20:07:32', 0, 'RICHM', 0, 1725725506, 1723234452, 0, 0, NULL, NULL, 21, '[]', ' Prospect,Recruit,Assosciate,Member,Enforcer,Underboss,Boss', 'nui://ant-gangsystem/logos/logo.png', 'PDV27403', '10-02-2024 19:09', 0, 'NA', 0),
	(47, 'lsg', 'LosSangringos', '2024-08-15 04:29:56', 7563516, 'HAWICK', 0, 1727582468, 1725637018, 0, 0, 'vector3(-87.50, 373.36, 112.47)', NULL, 38, '[]', ' Prospect, Member, Enforcer, Treasurer, Sergeant at Arms, Vice President, President', 'nui://ant-gangsystem/logos/logo.png', 'SNW45230', '10-02-2024 19:25', 0, 'NA', 0),
	(54, 'vgf', 'Vanguard Firm', '2024-08-23 23:43:48', 0, 'SANDY', 0, 1727223751, 1724458295, 0, 0, 'vector3(1905.73, 3886.86, 33.36)', NULL, 27, '[]', ' Prospect, Member, Enforcer, Treasurer, Sergeant at Arms, Vice President, President', 'nui://ant-gangsystem/logos/logo.png', 'LDM10864', '10-02-2024 19:15', 0, 'NA', 0),
	(56, 'shd', 'Shadow Company', '2024-08-24 04:42:12', 78400, 'PALETO', 0, 1727829672, 1727389935, 0, 0, 'vector3(-236.92, 6228.77, 31.50)', NULL, 1, '[]', 'Associate, Member, Enforcer,Soldier,Capo,Underboss,Boss', 'nui://ant-gangsystem/logos/logo.png', 'ELA18160', '10-02-2024 22:07', 0, 'NA', 0),
	(57, 'sin', 'Sinister', '2024-08-24 05:11:20', 0, 'VESP', 0, 1727950454, 1724476357, 0, 0, NULL, NULL, 4, '[]', 'Dont Use,Underboss,Associates,Soldier,Caporegime,Consigliere,Boss', 'nui://ant-gangsystem/logos/logo.png', 'HDL30023', '10-03-2024 09:06', 0, 'NA', 0),
	(64, 'fmc', 'Fallen Angels MC', '2024-09-04 05:18:03', 90606, 'GRAPES', 0, 1727932903, 1725477423, 0, 0, 'vector3(2073.67, 5077.08, 41.95)', NULL, 7, '[2]', ' Prospect, Member, Enforcer,RC/TREASURER, Sergeant at Arms, Vice President, President', 'nui://ant-gangsystem/logos/logo.png', 'TWR78887', '10-03-2024 09:00', 0, 'NA', 0),
	(66, 'k.c', 'Kage Collective', '2024-09-25 01:31:24', 0, 'MIRR', 0, 1727626005, 1727910660, 0, 0, 'vector3(-1276.63, 618.57, 139.26)', NULL, 15, '[]', ' Prospect, Member, Enforcer, Treasurer, Sergeant at Arms, Vice President, President', 'nui://ant-gangsystem/logos/logo.png', 'GPD15668', '10-03-2024 09:01', 0, 'NA', 0),
	(67, 'gsf', 'G.S.F', '2024-09-28 18:24:59', 0, 'STRAW', 0, 1727549655, 1727549285, 0, 0, 'vector3(-10.16, -1430.15, 31.10)', NULL, 2, '[1]', 'Soldier,Goon,G,Enforcer,Shotcaller,Vice OG,OG', 'nui://ant-gangsystem/logos/logo.png', 'YRH96653', '10-03-2024 08:09', 0, 'NA', 0),
	(68, '762', '7.62', '2024-10-02 17:05:19', 0, 'MORN', 0, 1727890680, 1727933498, 0, 0, 'vector3(-1862.85, -329.49, 57.08)', NULL, 4, '[3]', 'Hangaround, Member,Top 10,Captains,Head Captain,Underboss,Boss', 'nui://ant-gangsystem/logos/logo.png', 'BIO48552', '10-03-2024 08:10', 0, 'NA', 0),
	(69, 'grm', 'Reapers', '2024-10-04 05:14:03', 0, NULL, 0, 0, 0, 0, 0, NULL, NULL, 39, '[]', ' Prospect, Member, Enforcer, Treasurer, Sergeant at Arms, Vice President, President', 'nui://cb-gangsystem/logos/logo.png', 'I54C5TOI', NULL, 0, 'NA', 0);

-- Dumping data for table qboxproject_668ffc.gang_perms: ~11 rows (approximately)
INSERT INTO `gang_perms` (`id`, `gang_id`, `add_money_perms`, `remove_money_perms`, `declare_turf_perms`, `move_gang_storage`, `access_storage`, `add_members`, `rename_gang`, `manage_ranks`, `change_color`) VALUES
	(7, 39, '[5,2]', '[5,2]', '[5]', '[5]', '[5,2]', '[]', '[]', '[]', '[]'),
	(8, 42, '[]', '[]', '[]', '[]', '[]', '[]', '[]', '[]', '[]'),
	(9, 47, '[5]', '[5]', '[]', '[5]', '[5]', '[]', '[]', '[]', '[5]'),
	(10, 54, '[5]', '[5]', '[]', '[5]', '[5]', '[]', '[]', '[]', '[]'),
	(11, 56, '[5]', '[5]', '[5]', '[5]', '[5]', '[]', '[]', '[]', '[5]'),
	(12, 57, '[5,4,1]', '[5,1]', '[5]', '[5]', '[5,4,1]', '[]', '[]', '[]', '[5]'),
	(13, 64, '[3]', '[3]', '[5,3,4]', '[5,3,4]', '[5,3,4,2,1,0]', '[]', '[]', '[]', '[4,5,3]'),
	(14, 66, '[5,4,3,2]', '[5,3]', '[5]', '[5,3]', '[5,4,3,1]', '[]', '[]', '[]', '[5]'),
	(15, 67, '[5,0,4,1,2,3]', '[5,4]', '[5]', '[5,4]', '[5,4]', '[]', '[]', '[]', '[5]'),
	(16, 68, '[5,1,2,3,4]', '[5]', '[5]', '[5]', '[5,1,2,3,4]', '[]', '[]', '[]', '[5]'),
	(22, 69, '[]', '[]', '[]', '[]', '[]', '[]', '[]', '[]', '[]');

-- Dumping data for table qboxproject_668ffc.gang_rivalries: ~0 rows (approximately)

-- Dumping data for table qboxproject_668ffc.gang_wars: ~0 rows (approximately)

-- Dumping data for table qboxproject_668ffc.gang_zones: ~29 rows (approximately)
INSERT INTO `gang_zones` (`id`, `name`, `gang_id`, `loyalty`) VALUES
	(966, 'DAVIS', 39, 0),
	(967, 'SLAB', 39, 0),
	(982, 'PALETO', 42, 0),
	(1032, 'WVINE', 47, 59),
	(1034, 'HAWICK', 47, 57),
	(1040, 'SANDY', 54, 211),
	(1041, 'VESP', 57, 340),
	(1069, 'DTVINE', 47, 72),
	(1077, 'HARMO', 54, 200),
	(1081, 'GRAPES', 64, 568),
	(1115, 'ROCKF', 54, 0),
	(1126, 'KOREAT', 39, 116),
	(1127, 'RICHM', 42, 10),
	(1129, 'CHIL', 66, 104),
	(1130, 'PALETO', 56, 647),
	(1131, 'STAB', 64, 54),
	(1132, 'VCANA', 57, 171),
	(1134, 'STRAW', 67, 92),
	(1135, 'CHAMH', 67, 71),
	(1137, 'DAVIS', 67, 68),
	(1138, 'ROCKF', 47, 5),
	(1142, 'DELPE', 68, 239),
	(1144, 'VESP', 68, 412),
	(1145, 'VCANA', 68, 291),
	(1146, 'ROCKF', 68, 27),
	(1147, 'MORN', 68, 129),
	(1148, 'BURTON', 68, 16),
	(1149, 'MIRR', 66, 219),
	(1150, 'RICHM', 66, 7);

-- Dumping data for table qboxproject_668ffc.lapraces: ~0 rows (approximately)

-- Dumping data for table qboxproject_668ffc.management_outfits: ~0 rows (approximately)

-- Dumping data for table qboxproject_668ffc.mdt_bolos: ~0 rows (approximately)

-- Dumping data for table qboxproject_668ffc.mdt_bulletin: ~0 rows (approximately)

-- Dumping data for table qboxproject_668ffc.mdt_clocking: ~0 rows (approximately)

-- Dumping data for table qboxproject_668ffc.mdt_convictions: ~0 rows (approximately)

-- Dumping data for table qboxproject_668ffc.mdt_data: ~0 rows (approximately)

-- Dumping data for table qboxproject_668ffc.mdt_impound: ~0 rows (approximately)

-- Dumping data for table qboxproject_668ffc.mdt_incidents: ~0 rows (approximately)

-- Dumping data for table qboxproject_668ffc.mdt_logs: ~0 rows (approximately)

-- Dumping data for table qboxproject_668ffc.mdt_reports: ~0 rows (approximately)

-- Dumping data for table qboxproject_668ffc.mdt_vehicleinfo: ~0 rows (approximately)

-- Dumping data for table qboxproject_668ffc.mdt_weaponinfo: ~0 rows (approximately)

-- Dumping data for table qboxproject_668ffc.motorhomes: ~0 rows (approximately)

-- Dumping data for table qboxproject_668ffc.npwd_calls: ~4 rows (approximately)
INSERT INTO `npwd_calls` (`id`, `identifier`, `transmitter`, `receiver`, `is_accepted`, `isAnonymous`, `start`, `end`) VALUES
	(1, 'cc7468b4-e352-4c31-94bc-28502f02479f', '2756843926', '603', 0, 0, '1734852526', NULL),
	(2, 'f2dbdc6a-a42a-47f5-a3fd-ae8e232e2ede', '2756843926', '2756843922', 0, 0, '1734852707', NULL),
	(3, '4b7a3705-a7b1-40b6-a415-593ec5b12162', '2756843926', '603', 0, 0, '1734852814', NULL),
	(4, '69e094e0-c7c9-4185-aeb1-12d206925293', '2756843926', '603', 0, 0, '1734852963', NULL),
	(5, 'fa77b41a-6552-41ce-b1d5-642ab759604d', '2756843926', '911', 0, 0, '1734856175', NULL);

-- Dumping data for table qboxproject_668ffc.npwd_crypto_transactions: ~0 rows (approximately)

-- Dumping data for table qboxproject_668ffc.npwd_darkchat_channels: ~0 rows (approximately)

-- Dumping data for table qboxproject_668ffc.npwd_darkchat_channel_members: ~0 rows (approximately)

-- Dumping data for table qboxproject_668ffc.npwd_darkchat_messages: ~0 rows (approximately)

-- Dumping data for table qboxproject_668ffc.npwd_marketplace_listings: ~0 rows (approximately)

-- Dumping data for table qboxproject_668ffc.npwd_match_profiles: ~9 rows (approximately)
INSERT INTO `npwd_match_profiles` (`id`, `identifier`, `name`, `image`, `bio`, `location`, `job`, `tags`, `voiceMessage`, `createdAt`, `updatedAt`) VALUES
	(1, 'Z9B5D8M6', 'Shah Love', 'https://upload.wikimedia.org/wikipedia/commons/a/ac/No_image_available.svg', '', '', '', '', NULL, '2024-12-21 14:32:53', '2024-12-21 14:32:53'),
	(2, 'Y47QQO20', 'Jordan Hendrix', 'https://upload.wikimedia.org/wikipedia/commons/a/ac/No_image_available.svg', '', '', '', '', NULL, '2024-12-21 17:40:25', '2024-12-21 17:40:25'),
	(3, 'GCO14523', 'Test Test', 'https://upload.wikimedia.org/wikipedia/commons/a/ac/No_image_available.svg', '', '', '', '', NULL, '2024-12-22 11:57:27', '2024-12-22 11:57:27'),
	(4, 'P31S0U12', 'Awtawr Wade', 'https://upload.wikimedia.org/wikipedia/commons/a/ac/No_image_available.svg', '', '', '', '', NULL, '2024-12-24 17:21:51', '2024-12-24 17:21:51'),
	(5, 'XKXFT79R', 'Shah Love', 'https://upload.wikimedia.org/wikipedia/commons/a/ac/No_image_available.svg', '', '', '', '', NULL, '2024-12-24 17:26:04', '2024-12-24 17:26:04'),
	(6, 'ZOM2ZLHO', 'Test Test', 'https://upload.wikimedia.org/wikipedia/commons/a/ac/No_image_available.svg', '', '', '', '', NULL, '2024-12-24 17:39:49', '2024-12-24 17:39:49'),
	(7, 'K9V6O0N4', 'Adawd Wadawd', 'https://upload.wikimedia.org/wikipedia/commons/a/ac/No_image_available.svg', '', '', '', '', NULL, '2024-12-24 17:44:08', '2024-12-24 17:44:08'),
	(8, 'R25CEL3I', 'Dawdawd Wadwad', 'https://upload.wikimedia.org/wikipedia/commons/a/ac/No_image_available.svg', '', '', '', '', NULL, '2024-12-24 17:54:32', '2024-12-24 17:54:32'),
	(9, 'PK8BR0R0', 'Wadda Dawdwad', 'https://upload.wikimedia.org/wikipedia/commons/a/ac/No_image_available.svg', '', '', '', '', NULL, '2024-12-24 18:03:53', '2024-12-24 18:03:53'),
	(10, 'V7J9L525', 'Shah Love', 'https://upload.wikimedia.org/wikipedia/commons/a/ac/No_image_available.svg', '', '', '', '', NULL, '2024-12-25 09:19:19', '2024-12-25 09:19:19'),
	(11, 'DF2333H2', 'Atat Watwt', 'https://upload.wikimedia.org/wikipedia/commons/a/ac/No_image_available.svg', '', '', '', '', NULL, '2024-12-25 09:53:33', '2024-12-25 09:53:33');

-- Dumping data for table qboxproject_668ffc.npwd_match_views: ~8 rows (approximately)
INSERT INTO `npwd_match_views` (`id`, `identifier`, `profile`, `liked`, `createdAt`, `updatedAt`) VALUES
	(1, 'V7J9L525', 11, 1, '2024-12-25 12:27:00', '2024-12-25 12:27:00'),
	(2, 'V7J9L525', 9, 1, '2024-12-25 12:27:01', '2024-12-25 12:27:01'),
	(3, 'V7J9L525', 8, 1, '2024-12-25 12:27:01', '2024-12-25 12:27:01'),
	(4, 'V7J9L525', 6, 1, '2024-12-25 12:27:03', '2024-12-25 12:27:03'),
	(5, 'V7J9L525', 5, 1, '2024-12-25 12:27:04', '2024-12-25 12:27:04'),
	(6, 'V7J9L525', 4, 1, '2024-12-25 12:27:04', '2024-12-25 12:27:04'),
	(7, 'V7J9L525', 2, 1, '2024-12-25 12:27:05', '2024-12-25 12:27:05'),
	(8, 'V7J9L525', 1, 1, '2024-12-25 12:27:06', '2024-12-25 12:27:06');

-- Dumping data for table qboxproject_668ffc.npwd_messages: ~2 rows (approximately)
INSERT INTO `npwd_messages` (`id`, `message`, `user_identifier`, `conversation_id`, `isRead`, `createdAt`, `updatedAt`, `visible`, `author`, `is_embed`, `embed`) VALUES
	(1, 'yooooooo', 'V7J9L525', '1', 0, '2024-12-25 12:27:31', '2024-12-25 12:27:31', 1, '4793533103', 0, ''),
	(2, 'heard yall was talking shit', 'V7J9L525', '1', 0, '2024-12-25 12:27:39', '2024-12-25 12:27:39', 1, '4793533103', 0, ''),
	(3, 'Location shared', 'V7J9L525', '1', 0, '2024-12-25 12:27:52', '2024-12-25 12:27:52', 1, '4793533103', 1, '{"type":"location","coords":[63.81098937988281,-1328.4791259765625,29.2799072265625],"phoneNumber":"4793533103"}');

-- Dumping data for table qboxproject_668ffc.npwd_messages_conversations: ~0 rows (approximately)
INSERT INTO `npwd_messages_conversations` (`id`, `conversation_list`, `label`, `createdAt`, `updatedAt`, `last_message_id`, `is_group_chat`) VALUES
	(1, '1230123030100230+4793533103', '', '2024-12-25 12:27:28', '2024-12-25 12:27:52', NULL, 0);

-- Dumping data for table qboxproject_668ffc.npwd_messages_participants: ~2 rows (approximately)
INSERT INTO `npwd_messages_participants` (`id`, `conversation_id`, `participant`, `unread_count`) VALUES
	(1, 1, '1230123030100230', 0),
	(2, 1, '4793533103', 0);

-- Dumping data for table qboxproject_668ffc.npwd_notes: ~0 rows (approximately)

-- Dumping data for table qboxproject_668ffc.npwd_phone_contacts: ~0 rows (approximately)

-- Dumping data for table qboxproject_668ffc.npwd_phone_gallery: ~2 rows (approximately)
INSERT INTO `npwd_phone_gallery` (`id`, `identifier`, `image`) VALUES
	(1, 'Z9B5D8M6', 'https://r2.fivemanage.com/image/P1tkdu6x4esa.webp'),
	(2, 'Z9B5D8M6', 'https://files.fivemerr.com/images/1b39be66-9a65-453e-be26-0a8425990b4c.png');

-- Dumping data for table qboxproject_668ffc.npwd_twitter_likes: ~0 rows (approximately)

-- Dumping data for table qboxproject_668ffc.npwd_twitter_profiles: ~8 rows (approximately)
INSERT INTO `npwd_twitter_profiles` (`id`, `profile_name`, `identifier`, `avatar_url`, `createdAt`, `updatedAt`) VALUES
	(1, 'Shah_Love', 'Z9B5D8M6', 'https://i.fivemanage.com/images/3ClWwmpwkFhL.png', '2024-12-21 14:32:53', '2024-12-21 14:32:53'),
	(2, 'Jordan_Hendrix', 'Y47QQO20', 'https://i.fivemanage.com/images/3ClWwmpwkFhL.png', '2024-12-21 17:40:25', '2024-12-21 17:40:25'),
	(3, 'Test_Test', 'GCO14523', 'https://i.fivemanage.com/images/3ClWwmpwkFhL.png', '2024-12-22 11:57:27', '2024-12-22 11:57:27'),
	(4, 'Awtawr_Wade', 'P31S0U12', 'https://i.fivemanage.com/images/3ClWwmpwkFhL.png', '2024-12-24 17:21:51', '2024-12-24 17:21:51'),
	(7, 'Adawd_Wadawd', 'K9V6O0N4', 'https://i.fivemanage.com/images/3ClWwmpwkFhL.png', '2024-12-24 17:44:08', '2024-12-24 17:44:08'),
	(8, 'Dawdawd_Wadwad', 'R25CEL3I', 'https://i.fivemanage.com/images/3ClWwmpwkFhL.png', '2024-12-24 17:54:32', '2024-12-24 17:54:32'),
	(9, 'Wadda_Dawdwad', 'PK8BR0R0', 'https://i.fivemanage.com/images/3ClWwmpwkFhL.png', '2024-12-24 18:03:53', '2024-12-24 18:03:53'),
	(11, 'Atat_Watwt', 'DF2333H2', 'https://i.fivemanage.com/images/3ClWwmpwkFhL.png', '2024-12-25 09:53:33', '2024-12-25 09:53:33'),
	(14, 'shalove', 'V7J9L525', 'https://i.fivemanage.com/images/3ClWwmpwkFhL.png', '2024-12-25 12:26:23', '2024-12-25 12:26:23');

-- Dumping data for table qboxproject_668ffc.npwd_twitter_reports: ~0 rows (approximately)

-- Dumping data for table qboxproject_668ffc.npwd_twitter_tweets: ~2 rows (approximately)
INSERT INTO `npwd_twitter_tweets` (`id`, `message`, `createdAt`, `updatedAt`, `likes`, `identifier`, `visible`, `images`, `retweet`, `profile_id`) VALUES
	(1, 'TWEwatr', '2024-12-21 17:27:01', '2024-12-21 17:27:01', 0, 'Z9B5D8M6', 1, '', NULL, 1),
	(2, 'wrd @Shah_Love', '2024-12-21 17:27:08', '2024-12-21 17:27:08', 0, 'Z9B5D8M6', 1, '', NULL, 1);

-- Dumping data for table qboxproject_668ffc.occasion_vehicles: ~0 rows (approximately)

-- Dumping data for table qboxproject_668ffc.organizations: ~6 rows (approximately)
INSERT INTO `organizations` (`id`, `name`, `owner`, `color`, `zones`, `picture`) VALUES
	(15, 'families', 'autogenerate', '#f6b719', '[]', 'autogenerate'),
	(16, 'ballas', 'autogenerate', '#71dab2', '[]', 'autogenerate'),
	(17, 'vagos', 'autogenerate', '#ac58b4', '[]', 'autogenerate'),
	(18, 'triads', 'autogenerate', '#9f2e3c', '[]', 'autogenerate'),
	(19, 'lostmc', 'autogenerate', '#6d7837', '[]', 'autogenerate'),
	(20, 'cartel', 'autogenerate', '#4bb630', '[]', 'autogenerate');

-- Dumping data for table qboxproject_668ffc.ot_skills: ~14 rows (approximately)
INSERT INTO `ot_skills` (`id`, `identifier`, `stamina`, `strength`, `driving`, `shooting`, `diving`, `drugs`, `crafting`, `gunsmithing`, `chemistry`, `woodcutting`, `mixology`, `cooking`) VALUES
	(1, 'Z9B5D8M6', '{"level":3,"statlevel":6.66666666666666,"xp":490.0}', '{"level":1,"statlevel":0,"xp":0}', '{"level":1,"statlevel":0,"xp":145}', '{"level":1,"statlevel":0,"xp":15}', '{"level":1,"statlevel":0,"xp":50}', '{"level":1,"statlevel":0,"xp":0}', '{"level":1,"statlevel":0,"xp":0}', '{"level":1,"statlevel":0,"xp":0}', '{"level":1,"statlevel":0,"xp":0}', '{"level":1,"statlevel":0,"xp":0}', '{"level":1,"statlevel":0,"xp":0}', '{"level":1,"statlevel":0,"xp":0}'),
	(2, 'JX4C11RP', '{"statlevel":0,"xp":0,"level":1}', '{"statlevel":0,"xp":0,"level":1}', '{"statlevel":0,"xp":0,"level":1}', '{"statlevel":0,"xp":0,"level":1}', '{"statlevel":0,"xp":0,"level":1}', '{"statlevel":0,"xp":0,"level":1}', '{"statlevel":0,"xp":0,"level":1}', '{"statlevel":0,"xp":0,"level":1}', '{"statlevel":0,"xp":0,"level":1}', '{"statlevel":0,"xp":0,"level":1}', '{"statlevel":0,"xp":0,"level":1}', '{"statlevel":0,"xp":0,"level":1}'),
	(3, 'XIMZ88BF', '{"statlevel":0,"xp":0,"level":1}', '{"statlevel":0,"xp":0,"level":1}', '{"statlevel":0,"xp":0,"level":1}', '{"statlevel":0,"xp":0,"level":1}', '{"statlevel":0,"xp":0,"level":1}', '{"statlevel":0,"xp":0,"level":1}', '{"statlevel":0,"xp":0,"level":1}', '{"statlevel":0,"xp":0,"level":1}', '{"statlevel":0,"xp":0,"level":1}', '{"statlevel":0,"xp":0,"level":1}', '{"statlevel":0,"xp":0,"level":1}', '{"statlevel":0,"xp":0,"level":1}'),
	(4, 'F3A13LMP', '{"statlevel":0,"xp":0,"level":1}', '{"statlevel":0,"xp":0,"level":1}', '{"statlevel":0,"xp":0,"level":1}', '{"statlevel":0,"xp":0,"level":1}', '{"statlevel":0,"xp":0,"level":1}', '{"statlevel":0,"xp":0,"level":1}', '{"statlevel":0,"xp":0,"level":1}', '{"statlevel":0,"xp":0,"level":1}', '{"statlevel":0,"xp":0,"level":1}', '{"statlevel":0,"xp":0,"level":1}', '{"statlevel":0,"xp":0,"level":1}', '{"statlevel":0,"xp":0,"level":1}'),
	(5, 'Y47QQO20', '{"xp":25.0,"statlevel":6.66666666666666,"level":3}', '{"xp":0,"statlevel":0,"level":1}', '{"xp":0,"statlevel":0,"level":1}', '{"xp":125,"statlevel":0,"level":1}', '{"xp":50,"statlevel":0,"level":1}', '{"xp":0,"statlevel":0,"level":1}', '{"xp":0,"statlevel":0,"level":1}', '{"xp":0,"statlevel":0,"level":1}', '{"xp":0,"statlevel":0,"level":1}', '{"xp":0,"statlevel":0,"level":1}', '{"xp":0,"statlevel":0,"level":1}', '{"xp":0,"statlevel":0,"level":1}'),
	(6, 'GCO14523', '{"xp":20,"statlevel":0,"level":1}', '{"xp":0,"statlevel":0,"level":1}', '{"xp":0,"statlevel":0,"level":1}', '{"xp":0,"statlevel":0,"level":1}', '{"xp":0,"statlevel":0,"level":1}', '{"xp":0,"statlevel":0,"level":1}', '{"xp":0,"statlevel":0,"level":1}', '{"xp":0,"statlevel":0,"level":1}', '{"xp":0,"statlevel":0,"level":1}', '{"xp":0,"statlevel":0,"level":1}', '{"xp":0,"statlevel":0,"level":1}', '{"xp":0,"statlevel":0,"level":1}'),
	(7, 'P31S0U12', '{"statlevel":0,"level":1,"xp":0}', '{"statlevel":0,"level":1,"xp":0}', '{"statlevel":0,"level":1,"xp":0}', '{"statlevel":0,"level":1,"xp":0}', '{"statlevel":0,"level":1,"xp":0}', '{"statlevel":0,"level":1,"xp":0}', '{"statlevel":0,"level":1,"xp":0}', '{"statlevel":0,"level":1,"xp":0}', '{"statlevel":0,"level":1,"xp":0}', '{"statlevel":0,"level":1,"xp":0}', '{"statlevel":0,"level":1,"xp":0}', '{"statlevel":0,"level":1,"xp":0}'),
	(8, 'XKXFT79R', '{"statlevel":0,"level":1,"xp":30}', '{"statlevel":0,"level":1,"xp":0}', '{"statlevel":0,"level":1,"xp":0}', '{"statlevel":0,"level":1,"xp":0}', '{"statlevel":0,"level":1,"xp":0}', '{"statlevel":0,"level":1,"xp":0}', '{"statlevel":0,"level":1,"xp":0}', '{"statlevel":0,"level":1,"xp":0}', '{"statlevel":0,"level":1,"xp":0}', '{"statlevel":0,"level":1,"xp":0}', '{"statlevel":0,"level":1,"xp":0}', '{"statlevel":0,"level":1,"xp":0}'),
	(9, 'ZOM2ZLHO', '{"xp":10,"level":1,"statlevel":0}', '{"xp":0,"level":1,"statlevel":0}', '{"xp":0,"level":1,"statlevel":0}', '{"xp":0,"level":1,"statlevel":0}', '{"xp":0,"level":1,"statlevel":0}', '{"xp":0,"level":1,"statlevel":0}', '{"xp":0,"level":1,"statlevel":0}', '{"xp":0,"level":1,"statlevel":0}', '{"xp":0,"level":1,"statlevel":0}', '{"xp":0,"level":1,"statlevel":0}', '{"xp":0,"level":1,"statlevel":0}', '{"xp":0,"level":1,"statlevel":0}'),
	(10, 'K9V6O0N4', '{"xp":0,"level":1,"statlevel":0}', '{"xp":0,"level":1,"statlevel":0}', '{"xp":0,"level":1,"statlevel":0}', '{"xp":0,"level":1,"statlevel":0}', '{"xp":0,"level":1,"statlevel":0}', '{"xp":0,"level":1,"statlevel":0}', '{"xp":0,"level":1,"statlevel":0}', '{"xp":0,"level":1,"statlevel":0}', '{"xp":0,"level":1,"statlevel":0}', '{"xp":0,"level":1,"statlevel":0}', '{"xp":0,"level":1,"statlevel":0}', '{"xp":0,"level":1,"statlevel":0}'),
	(11, 'R25CEL3I', '{"statlevel":0,"level":1,"xp":0}', '{"statlevel":0,"level":1,"xp":0}', '{"statlevel":0,"level":1,"xp":0}', '{"statlevel":0,"level":1,"xp":0}', '{"statlevel":0,"level":1,"xp":0}', '{"statlevel":0,"level":1,"xp":0}', '{"statlevel":0,"level":1,"xp":0}', '{"statlevel":0,"level":1,"xp":0}', '{"statlevel":0,"level":1,"xp":0}', '{"statlevel":0,"level":1,"xp":0}', '{"statlevel":0,"level":1,"xp":0}', '{"statlevel":0,"level":1,"xp":0}'),
	(12, 'PK8BR0R0', '{"xp":150,"statlevel":0,"level":1}', '{"xp":0,"statlevel":0,"level":1}', '{"xp":15,"statlevel":0,"level":1}', '{"xp":0,"statlevel":0,"level":1}', '{"xp":0,"statlevel":0,"level":1}', '{"xp":0,"statlevel":0,"level":1}', '{"xp":0,"statlevel":0,"level":1}', '{"xp":0,"statlevel":0,"level":1}', '{"xp":0,"statlevel":0,"level":1}', '{"xp":0,"statlevel":0,"level":1}', '{"xp":0,"statlevel":0,"level":1}', '{"xp":0,"statlevel":0,"level":1}'),
	(13, 'V7J9L525', '{"statlevel":6.66666666666666,"xp":175.0,"level":3}', '{"statlevel":0,"xp":0,"level":1}', '{"statlevel":0,"xp":60,"level":1}', '{"statlevel":0,"xp":0,"level":1}', '{"statlevel":0,"xp":0,"level":1}', '{"statlevel":0,"xp":0,"level":1}', '{"statlevel":0,"xp":0,"level":1}', '{"statlevel":0,"xp":0,"level":1}', '{"statlevel":0,"xp":0,"level":1}', '{"statlevel":0,"xp":0,"level":1}', '{"statlevel":0,"xp":0,"level":1}', '{"statlevel":0,"xp":0,"level":1}'),
	(14, 'DF2333H2', '{"xp":5,"level":1,"statlevel":0}', '{"xp":0,"level":1,"statlevel":0}', '{"xp":0,"level":1,"statlevel":0}', '{"xp":0,"level":1,"statlevel":0}', '{"xp":0,"level":1,"statlevel":0}', '{"xp":0,"level":1,"statlevel":0}', '{"xp":0,"level":1,"statlevel":0}', '{"xp":0,"level":1,"statlevel":0}', '{"xp":0,"level":1,"statlevel":0}', '{"xp":0,"level":1,"statlevel":0}', '{"xp":0,"level":1,"statlevel":0}', '{"xp":0,"level":1,"statlevel":0}');

-- Dumping data for table qboxproject_668ffc.ox_doorlock: ~32 rows (approximately)
INSERT INTO `ox_doorlock` (`id`, `name`, `data`) VALUES
	(1000, 'fleeca legion bank vault', '{"maxDistance":2,"model":2121050683,"coords":{"y":-1044.3638916015626,"z":29.50693130493164,"x":148.026611328125},"doors":false,"state":1,"heading":250}'),
	(1001, 'fleeca legion gate', '{"groups":{"police":1},"coords":{"x":150.29132080078126,"y":-1047.6290283203126,"z":29.66629791259765},"heading":160,"state":1,"maxDistance":2,"doors":false,"model":-1591004109}'),
	(1004, 'bank fleeca above pillbox vault', '{"doors":false,"coords":{"x":312.3580017089844,"y":-282.7301330566406,"z":54.30364608764648},"model":2121050683,"state":1,"maxDistance":2,"groups":{"police":1},"heading":250}'),
	(1005, 'bank fleeca gate above pillbox', '{"coords":{"x":314.6238708496094,"y":-285.9944763183594,"z":54.46300888061523},"model":-1591004109,"state":1,"maxDistance":2,"doors":false,"heading":160}'),
	(1006, 'bank fleeca vault ls customs', '{"doors":false,"coords":{"x":-352.73651123046877,"y":-53.57247924804687,"z":49.17543411254883},"model":2121050683,"state":1,"maxDistance":2,"groups":{"police":1},"heading":251}'),
	(1007, 'bank fleeca gate ls customs', '{"doors":false,"coords":{"x":-350.4143676757813,"y":-56.79705429077148,"z":49.33479690551758},"model":-1591004109,"state":1,"maxDistance":2,"groups":{"police":1},"heading":161}'),
	(1008, 'bank fleeca vault life invader', '{"coords":{"x":-1211.260986328125,"y":-334.5596008300781,"z":37.91989135742187},"model":2121050683,"state":1,"maxDistance":2,"doors":false,"heading":297}'),
	(1009, 'bank fleeca gate life invader', '{"doors":false,"coords":{"x":-1207.3282470703126,"y":-335.1289367675781,"z":38.07925415039062},"model":-1591004109,"state":1,"maxDistance":2,"groups":{"police":1},"heading":207}'),
	(1010, 'bank fleeca vault ocean', '{"doors":false,"coords":{"x":-2958.53857421875,"y":482.27056884765627,"z":15.83594417572021},"model":-63539571,"state":1,"maxDistance":2,"groups":{"police ":1},"heading":358}'),
	(1011, 'bank fleeca gate ocean', '{"doors":false,"coords":{"x":-2956.1162109375,"y":485.4205932617188,"z":15.99530887603759},"model":-1591004109,"state":1,"maxDistance":2,"groups":{"police":1},"heading":268}'),
	(1013, 'bank paleto vault', '{"doors":false,"coords":{"x":-104.60489654541016,"y":6473.44384765625,"z":31.79532432556152},"model":-1185205679,"state":1,"maxDistance":2,"groups":{"police":1},"heading":45}'),
	(1014, 'bank paleto gate', '{"doors":false,"coords":{"x":-106.47130584716796,"y":6476.15771484375,"z":31.95479965209961},"model":1309269072,"state":1,"maxDistance":2,"groups":{"police":1},"heading":315}'),
	(1015, 'bank fleeca harmony vault', '{"model":2121050683,"coords":{"x":1175.5421142578126,"y":2710.861328125,"z":38.22689056396484},"heading":90,"state":1,"maxDistance":2,"doors":false,"groups":{"police":1}}'),
	(1016, 'bank fleeca harmony gate', '{"model":-1591004109,"coords":{"x":1172.2911376953126,"y":2713.146240234375,"z":38.38625335693359},"heading":0,"state":1,"maxDistance":2,"doors":false,"groups":{"police":1}}'),
	(1017, 'Vangelico Jewelry Store Double Front Doors', '{"coords":{"x":-631.19091796875,"y":-237.38540649414066,"z":38.2065315246582},"state":1,"maxDistance":2,"doors":[{"model":1425919976,"coords":{"x":-631.9553833007813,"y":-236.3332672119141,"z":38.2065315246582},"heading":306},{"model":9467943,"coords":{"x":-630.426513671875,"y":-238.4375457763672,"z":38.2065315246582},"heading":306}],"groups":{"police":1}}'),
	(1018, 'Vangelico Jewelry Store Inside Single Door', '{"model":1335309163,"coords":{"x":-629.1338500976563,"y":-230.15170288085936,"z":38.20658493041992},"heading":36,"state":1,"maxDistance":2,"doors":false,"groups":{"police":1}}'),
	(1019, 'humane labs door 1', '{"coords":{"x":3526.0205078125,"y":3702.24267578125,"z":21.34196090698242},"model":19193616,"state":1,"maxDistance":2,"doors":false,"heading":170}'),
	(1020, 'Humane Double Door 2', '{"auto":true,"coords":{"x":3531.8125,"y":3670.838623046875,"z":27.12124061584472},"state":1,"maxDistance":2,"doors":[{"model":-1572101598,"coords":{"x":3533.093017578125,"y":3670.61279296875,"z":27.12124252319336},"heading":170},{"model":161378502,"coords":{"x":3530.5322265625,"y":3671.064453125,"z":27.12123870849609},"heading":170}],"groups":{"police":1}}'),
	(1021, 'Humane Double Door 1', '{"auto":true,"coords":{"x":3540.27978515625,"y":3673.43310546875,"z":19.99173545837402},"state":1,"maxDistance":2,"doors":[{"model":1878909644,"coords":{"x":3538.99951171875,"y":3673.658935546875,"z":19.99173545837402},"heading":350},{"model":1709395619,"coords":{"x":3541.56005859375,"y":3673.20751953125,"z":19.99173545837402},"heading":350}],"groups":{"police":1}}'),
	(1022, 'Humane labs double slide door 3', '{"auto":true,"coords":{"x":3554.15478515625,"y":3665.02783203125,"z":27.12139701843261},"state":1,"maxDistance":2,"doors":[{"model":161378502,"coords":{"x":3555.43505859375,"y":3664.80224609375,"z":27.12139701843261},"heading":350},{"model":-1572101598,"coords":{"x":3552.874267578125,"y":3665.253662109375,"z":27.12139701843261},"heading":350}],"groups":{"police":1}}'),
	(1023, 'Big Bank Main Door', '{"heading":340,"coords":{"x":256.3115539550781,"y":220.65785217285157,"z":106.42955780029296},"model":-222270721,"state":1,"maxDistance":2,"doors":false,"groups":{"police":1}}'),
	(1024, 'Big Bank Door 2', '{"heading":250,"coords":{"x":262.1980895996094,"y":222.518798828125,"z":106.42955780029296},"model":746855201,"state":1,"maxDistance":2,"doors":false,"groups":{"police":1}}'),
	(1025, 'Big Bank Lower Vault', '{"heading":160,"coords":{"x":255.22825622558598,"y":223.97601318359376,"z":102.39321899414064},"model":961976194,"state":1,"maxDistance":2,"doors":false,"groups":{"police":1}}'),
	(1026, 'Big Bank Lower Gate', '{"coords":{"x":251.85757446289066,"y":221.0654754638672,"z":101.83240509033205},"model":-1508355822,"state":1,"maxDistance":2,"doors":false,"heading":160}'),
	(1027, 'Big Bank Lower Gate 2', '{"coords":{"x":261.3004150390625,"y":214.5051422119141,"z":101.83240509033205},"model":-1508355822,"state":1,"maxDistance":2,"doors":false,"heading":250}'),
	(1028, 'Big Bank Door Side', '{"coords":{"x":237.77035522460936,"y":227.8700408935547,"z":106.42604064941406},"model":1956494919,"state":1,"maxDistance":2,"doors":false,"heading":340}'),
	(1029, 'Big Bank Door Top', '{"coords":{"x":256.6172485351563,"y":206.15223693847657,"z":110.43282318115236},"model":1956494919,"state":1,"maxDistance":2,"doors":false,"heading":250}'),
	(1030, 'Big Bank Door Top 2', '{"coords":{"x":266.3623657226563,"y":217.5697479248047,"z":110.43282318115236},"model":1956494919,"state":1,"maxDistance":2,"doors":false,"heading":340}'),
	(1031, 'mrpd bollards 1', '{"groups":{"police":0,"ambulance":0},"heading":270,"model":-1635161509,"doors":false,"coords":{"x":410.0257873535156,"y":-1024.219970703125,"z":29.22019958496093},"maxDistance":4,"auto":true,"autolock":5,"state":1,"doorRate":3,"holdOpen":true}'),
	(1032, 'mrpd bollards 2', '{"groups":{"police":0,"ambulance":0},"heading":270,"model":-1868050792,"doors":false,"coords":{"x":410.0257873535156,"y":-1024.2259521484376,"z":29.2202205657959},"maxDistance":4,"auto":true,"autolock":5,"state":1,"doorRate":3,"holdOpen":true}'),
	(1033, 'mrpd garage 1', '{"groups":{"police":0,"ambulance":0},"heading":0,"model":2130672747,"doors":false,"coords":{"x":431.41192626953127,"y":-1000.7716674804688,"z":26.69660949707031},"maxDistance":4,"auto":true,"autolock":5,"state":1,"doorRate":3,"holdOpen":true}'),
	(1034, 'mrpd garage 2', '{"groups":{"police":0,"ambulance":0},"heading":0,"model":2130672747,"doors":false,"coords":{"x":452.3005065917969,"y":-1000.7716674804688,"z":26.69660949707031},"maxDistance":4,"auto":true,"autolock":5,"state":1,"doorRate":3,"holdOpen":true}');

-- Dumping data for table qboxproject_668ffc.ox_inventory: ~17 rows (approximately)
INSERT INTO `ox_inventory` (`owner`, `name`, `data`, `lastupdated`) VALUES
	('', 'health_stash_health_crate_5', '[{"name":"bandage","metadata":{"durability":1735066714,"degrade":4320},"count":55,"slot":1},{"name":"medbag","metadata":{"durability":1735066714,"degrade":4320},"count":22,"slot":2},{"name":"medicalsyringe","metadata":{"durability":1735066714,"degrade":4320},"count":22,"slot":3},{"name":"medarmour","metadata":{"durability":1737437254,"degrade":43829},"count":22,"slot":4}]', '2024-12-21 19:00:00'),
	('', 'health_stash_health_crate_4', '[{"name":"bandage","metadata":{"durability":1735066714,"degrade":4320},"count":55,"slot":1},{"name":"medbag","metadata":{"durability":1735066714,"degrade":4320},"count":22,"slot":2},{"name":"medicalsyringe","metadata":{"durability":1735066714,"degrade":4320},"count":22,"slot":3},{"name":"medarmour","metadata":{"durability":1737437254,"degrade":43829},"count":22,"slot":4}]', '2024-12-21 19:00:00'),
	('', 'health_stash_health_crate_2', '[{"name":"bandage","metadata":{"durability":1735066714,"degrade":4320},"count":55,"slot":1},{"name":"medbag","metadata":{"durability":1735066714,"degrade":4320},"count":22,"slot":2},{"name":"medicalsyringe","metadata":{"durability":1735066714,"degrade":4320},"count":22,"slot":3},{"name":"medarmour","metadata":{"durability":1737437254,"degrade":43829},"count":22,"slot":4}]', '2024-12-21 19:00:00'),
	('', 'health_stash_health_crate_3', '[{"name":"bandage","metadata":{"durability":1735066714,"degrade":4320},"count":55,"slot":1},{"name":"medbag","metadata":{"durability":1735066714,"degrade":4320},"count":22,"slot":2},{"name":"medicalsyringe","metadata":{"durability":1735066714,"degrade":4320},"count":22,"slot":3},{"name":"medarmour","metadata":{"durability":1737437254,"degrade":43829},"count":22,"slot":4}]', '2024-12-21 19:00:00'),
	('', 'health_stash_health_crate_1', '[{"name":"bandage","metadata":{"durability":1735066714,"degrade":4320},"count":55,"slot":1},{"name":"medbag","metadata":{"durability":1735066714,"degrade":4320},"count":22,"slot":2},{"name":"medicalsyringe","metadata":{"durability":1735066714,"degrade":4320},"count":22,"slot":3},{"name":"medarmour","metadata":{"durability":1737437254,"degrade":43829},"count":22,"slot":4}]', '2024-12-21 19:00:00'),
	('', 'vinewood', '[{"slot":1,"count":1,"name":"rubynecklace"},{"slot":2,"count":1,"name":"goldbracelet"},{"slot":3,"count":1,"name":"silverbar"},{"slot":4,"count":1,"name":"paintingart"},{"slot":5,"count":1,"name":"paintingpaddle"},{"slot":6,"count":1,"name":"silverring"},{"slot":7,"count":1,"name":"paintingguys"},{"slot":8,"count":1,"name":"paintingnative"},{"slot":9,"count":1,"name":"paintingfamily"},{"slot":10,"count":1,"name":"paintingpig"},{"slot":11,"count":1,"name":"paintingcity"},{"slot":12,"count":1,"name":"goldwatch"},{"slot":13,"count":1,"name":"goldbarstack"},{"slot":14,"count":1,"name":"diamondring"},{"slot":15,"count":1,"name":"diamondnecklace"},{"slot":16,"count":1,"name":"paintingrocket"},{"slot":17,"count":1,"name":"paintingclown"},{"slot":18,"count":1,"name":"paintinglady"}]', '2024-12-27 10:45:00'),
	('', 'cargo_stash_cargo_crate_1', NULL, '2024-12-21 18:05:00'),
	('', 'cargo_stash_cargo_crate_5', '[{"name":"driver_license","metadata":{"sex":"M","lastname":"Hendrix","nationality":"American","cardtype":"driver_license","birthdate":"1998-02-10","mugShot":"none","citizenid":"Y47QQO20","firstname":"Jordan","badge":"none"},"count":1,"slot":1},{"name":"id_card","metadata":{"sex":"M","degrade":43829,"lastname":"Hendrix","durability":1737432564,"nationality":"American","cardtype":"id_card","birthdate":"1998-02-10","mugShot":"none","citizenid":"Y47QQO20","firstname":"Jordan","badge":"none"},"count":1,"slot":2},{"name":"money","count":500,"slot":3}]', '2024-12-21 18:10:00'),
	('', 'cargo_stash_cargo_crate_4', NULL, '2024-12-21 18:10:00'),
	('', 'cargo_stash_cargo_crate_2', NULL, '2024-12-21 18:15:00'),
	('', 'fd_laptop_94ba0b35-ee47-4f60-8a48-daa2d0d45064', '[{"name":"boosting_usb","metadata":{"deviceId":"boosting_device","noDuplicate":true,"deviceLabel":"Malicious USB"},"count":1,"slot":2}]', '2024-12-21 18:35:00'),
	('', 'fd_laptop_38d243e8-9b2c-4b19-b27a-fe2efba28237', '[{"name":"boosting_usb","metadata":{"deviceLabel":"Boosting USB","noDuplicate":true,"deviceId":"boosting_device"},"count":1,"slot":1}]', '2024-12-21 18:25:00'),
	('', 'fd_laptop_83c9b127-1af1-4fc6-bc33-364ca6cad5d8', '[{"name":"boosting_usb","metadata":{"deviceId":"boosting_device","noDuplicate":true,"deviceLabel":"Boosting USB"},"count":1,"slot":1}]', '2024-12-21 18:30:00'),
	('', 'QYK1734806238', '[{"name":"WEAPON_HEAVYPISTOL","metadata":{"durability":100,"serial":"165681MCL564152","ammo":0,"components":[]},"count":1,"slot":1},{"name":"WEAPON_PISTOL","metadata":{"durability":100,"registered":"Jordan Hendrix","components":[],"serial":"803694KJJ926597","latentprints":{"0L331I552OPVX08":{"evidenceId":188814,"integrity":100}},"ammo":0},"count":1,"slot":2},{"name":"WEAPON_RPG","metadata":{"durability":97.90000000000002,"registered":"Jordan Hendrix","components":[],"serial":"317433QMW681817","latentprints":{"0L331I552OPVX08":{"evidenceId":208387,"integrity":100}},"ammo":1},"count":1,"slot":3},{"name":"WEAPON_MINIGUN","metadata":{"durability":100,"registered":"Jordan Hendrix","components":[],"serial":"439122BTB926744","latentprints":{"0L331I552OPVX08":{"evidenceId":817570,"integrity":100}},"ammo":0},"count":1,"slot":4},{"name":"WEAPON_ASSAULTSMG","metadata":{"durability":97.15,"ammo":93,"latentprints":{"0L331I552OPVX08":{"evidenceId":385060,"integrity":100}},"components":[],"serial":"926018RLQ493363"},"count":1,"slot":5},{"name":"quickrevive","metadata":{"durability":1736613330,"degrade":30160},"count":16,"slot":6},{"name":"medicalsyringe","metadata":{"durability":1735062939,"degrade":4320},"count":14,"slot":8},{"name":"rifleammo","metadata":{"durability":1737434318,"degrade":43829},"count":10,"slot":9}]', '2024-12-21 18:50:01'),
	('', 'LLJ1734806208', '[{"name":"WEAPON_ASSAULTRIFLE","metadata":{"durability":100,"registered":"Jordan Hendrix","components":[],"serial":"298548WYW279555","ammo":0},"count":1,"slot":1},{"name":"medarmour","metadata":{"durability":1737433487,"degrade":43829},"count":4,"slot":2},{"name":"laptop","metadata":{"durability":1737436538,"id":"94ba0b35-ee47-4f60-8a48-daa2d0d45064","degrade":43829},"count":1,"slot":3},{"name":"ammo-rocket","count":93,"slot":4},{"name":"WEAPON_COMPACTRIFLE","metadata":{"durability":95.00000000000002,"ammo":0,"latentprints":{"0L331I552OPVX08":{"evidenceId":430486,"integrity":100}},"components":[],"serial":"477984BSU924470"},"count":1,"slot":5},{"name":"boosting_usb","metadata":{"deviceLabel":"Boosting USB","degrade":43829,"deviceId":"boosting_device","noDuplicate":true,"durability":1737435728},"count":1,"slot":6},{"name":"WEAPON_FLAREGUN","metadata":{"durability":99.5,"registered":"Jordan Hendrix","components":[],"serial":"866691RHS523132","latentprints":{"0L331I552OPVX08":{"evidenceId":496678,"integrity":100}},"ammo":0},"count":1,"slot":7},{"name":"WEAPON_STICKYBOMB","metadata":{"durability":100,"components":[]},"count":2,"slot":8},{"name":"pistolammo","metadata":{"durability":1737434318,"degrade":43829},"count":5,"slot":9},{"name":"redkeycard","metadata":{"durability":1736613993,"degrade":30160},"count":2,"slot":10},{"name":"pistolammo","metadata":{"durability":1737433515,"degrade":43829},"count":29,"slot":11},{"name":"WEAPON_ASSAULTSMG","metadata":{"durability":100,"serial":"148205XXJ393316","ammo":0,"components":[]},"count":1,"slot":13},{"name":"WEAPON_ASSAULTSMG","metadata":{"durability":100,"serial":"674685APD873054","ammo":0,"components":[]},"count":1,"slot":14},{"name":"WEAPON_MICROSMG","metadata":{"durability":97.50000000000002,"ammo":75,"latentprints":{"0L331I552OPVX08":{"evidenceId":741776,"integrity":100}},"components":[],"serial":"448674APO193561"},"count":1,"slot":15},{"name":"subammo","metadata":{"durability":1737433776,"degrade":43829},"count":10,"slot":16},{"name":"WEAPON_CARBINERIFLE_MK2","metadata":{"durability":100,"serial":"399632TPM192351","ammo":0,"components":[]},"count":1,"slot":17},{"name":"WEAPON_CARBINERIFLE_MK2","metadata":{"durability":100,"serial":"313062VQS815915","ammo":0,"components":[]},"count":1,"slot":18},{"name":"WEAPON_CARBINERIFLE_MK2","metadata":{"durability":100,"serial":"193584MVS482135","ammo":0,"components":[]},"count":1,"slot":19},{"name":"WEAPON_CARBINERIFLE_MK2","metadata":{"durability":99.02,"registered":"Jordan Hendrix","latentprints":{"0L331I552OPVX08":{"evidenceId":826135,"integrity":100}},"components":[],"latentblood":{"5a39423544384d36":{"evidenceId":171813,"bloodtype":"A-"}},"ammo":151,"serial":"467995MML908406"},"count":1,"slot":20}]', '2024-12-21 18:50:01'),
	('', 'IAY1734808975', '[{"name":"stackofcash","metadata":{"durability":1737438721,"degrade":43829},"count":685,"slot":1},{"name":"rollsofcash","metadata":{"durability":1737438721,"degrade":43829},"count":210,"slot":2},{"name":"money","count":743,"slot":3},{"name":"markedbills","metadata":{"durability":1737438721,"degrade":43829},"count":365,"slot":4}]', '2024-12-21 19:25:00'),
	('', 'sn_properties_1_stash_71084', '[{"name":"WEAPON_MP5","metadata":{"registered":"Shah Love","ammo":458,"latentprints":{"V73367NP40YSJ6A":{"integrity":100,"evidenceId":416164}},"serial":"783722DGR209903","components":[],"durability":99.16},"count":1,"slot":1}]', '2024-12-26 08:05:00');

-- Dumping data for table qboxproject_668ffc.players: ~2 rows (approximately)
INSERT INTO `players` (`id`, `userId`, `citizenid`, `cid`, `license`, `name`, `money`, `charinfo`, `job`, `gang`, `position`, `metadata`, `inventory`, `phone_number`, `last_updated`, `last_logged_out`, `xp`, `okokcrafts`, `garage_limit`) VALUES
	(628, 1, 'DF2333H2', 1, 'license2:27ef90662217745982ad9f2bb4c7ba474d690465', 'YBBA', '{"crypto":0,"cash":500,"bank":5125}', '{"birthdate":"2001-05-10","nationality":"Andorra","cid":"1","lastname":"Watwt","phone":"6881015466","account":"US02QBX6686643873","gender":0,"backstory":"placeholder backstory","firstname":"Atat"}', '{"isboss":false,"type":"realestate","label":"Real Estate","grade":{"level":3,"name":"Broker"},"onduty":true,"payment":125,"name":"realestate"}', '{"isboss":false,"grade":{"level":0,"name":"Unaffiliated"},"label":"No Gang","name":"none"}', '{"x":80.69010925292969,"y":-1929.8505859375,"z":20.737060546875,"w":257.9527587890625}', '{"craftingrep":0,"fingerprint":"3JK256HHDTMBC0Y","injail":0,"tracker":false,"thirst":100,"ishandcuffed":false,"inlaststand":false,"armor":0,"stress":0,"phonedata":{"SerialNumber":22575398,"InstalledApps":[]},"bloodtype":"B-","jobrep":{"hotdog":0,"taxi":0,"tow":0,"trucker":0},"health":200,"hunger":100,"isdead":false,"attachmentcraftingrep":0,"callsign":"NO CALLSIGN","phone":[],"licences":{"driver":true,"id":true,"weapon":false},"criminalrecord":{"hasRecord":false},"walletid":"QB-77592908","status":[],"dealerrep":0,"inside":{"apartment":[]},"jailitems":[]}', '[{"slot":1,"count":500,"name":"money"},{"metadata":{"degrade":43829,"durability":1737750154},"slot":2,"count":1,"name":"phone"},{"metadata":{"citizenid":"DF2333H2","birthdate":"2001-05-10","degrade":43829,"firstname":"Atat","lastname":"Watwt","sex":"M","cardtype":"id_card","badge":"none","nationality":"Andorra","mugShot":"none","durability":1737750154},"slot":3,"count":1,"name":"id_card"},{"metadata":{"citizenid":"DF2333H2","birthdate":"2001-05-10","firstname":"Atat","lastname":"Watwt","sex":"M","cardtype":"driver_license","badge":"none","nationality":"Andorra","mugShot":"none"},"slot":4,"count":1,"name":"driver_license"},{"metadata":{"degrade":43829,"durability":1737750189},"slot":5,"count":1,"name":"sn_tablet"}]', NULL, '2024-12-25 10:01:07', '2024-12-25 10:01:07', NULL, NULL, 7),
	(616, 1, 'V7J9L525', 2, 'license2:27ef90662217745982ad9f2bb4c7ba474d690465', 'YBBA', '{"bank":11174,"crypto":0,"cash":0}', '{"firstname":"Shah","birthdate":"2005-11-11","cid":"2","backstory":"placeholder backstory","lastname":"Love","account":"US03QBX6754315171","nationality":"Australia","phone":"4793533103","gender":0}', '{"isboss":false,"label":"Real Estate","payment":125,"name":"realestate","grade":{"name":"Broker","level":3},"onduty":true,"type":"realestate"}', '{"name":"none","label":"No Gang","isboss":false,"grade":{"name":"Unaffiliated","level":0}}', '{"x":399.9032897949219,"y":278.4527587890625,"z":103.0146484375,"w":323.14959716796877}', '{"inlaststand":false,"thirst":0,"jobrep":{"hotdog":0,"taxi":0,"trucker":0,"tow":0},"walletid":"QB-59749213","jailitems":[],"dealerrep":0,"tracker":false,"inside":{"apartment":[]},"injail":0,"criminalrecord":{"hasRecord":false},"armor":0,"phone":[],"craftingrep":0,"isdead":true,"fingerprint":"V73367NP40YSJ6A","status":[],"health":200,"ishandcuffed":false,"bloodtype":"B-","licences":{"id":true,"driver":true,"weapon":false},"hunger":0,"stress":29,"attachmentcraftingrep":0,"callsign":"LOVE","phonedata":{"InstalledApps":[],"SerialNumber":21433440}}', '[{"metadata":{"durability":1737844955,"degrade":43829},"name":"lockpick","slot":1,"count":1},{"metadata":{"firstname":"Shah","degrade":43829,"badge":"none","citizenid":"V7J9L525","cardtype":"id_card","lastname":"Love","mugShot":"none","durability":1737748099,"nationality":"Australia","birthdate":"2005-11-11","sex":"M"},"name":"id_card","slot":3,"count":1},{"metadata":{"durability":1737751837,"degrade":43829},"name":"sn_tablet","slot":4,"count":1},{"metadata":{"durability":1736360748,"degrade":20520},"name":"teapot_loverboylatte_infused","slot":5,"count":23},{"metadata":{"serial":"738988JDU467500","registered":"Shah Love","durability":100,"components":[],"ammo":0,"latentprints":{"V73367NP40YSJ6A":{"integrity":100,"evidenceId":501306}}},"name":"WEAPON_CROWBAR","slot":6,"count":1},{"metadata":{"durability":1737757722,"degrade":43829},"name":"racingharness","slot":7,"count":1},{"metadata":{"durability":1737845477,"degrade":43829},"name":"loosenotes","slot":8,"count":56},{"metadata":{"durability":1737830311,"degrade":43829},"name":"bodycam","slot":9,"count":1},{"metadata":{"durability":1737845477,"degrade":43829},"name":"stackofcash","slot":11,"count":33},{"metadata":{"durability":1737845477,"degrade":43829},"name":"rollsofcash","slot":12,"count":9},{"metadata":{"durability":1736502790,"degrade":20120},"name":"blackcard","slot":13,"count":1},{"metadata":{"durability":1737748099,"degrade":43829},"name":"phone","slot":14,"count":1},{"metadata":{"firstname":"Shah","mugShot":"none","badge":"none","citizenid":"V7J9L525","cardtype":"driver_license","lastname":"Love","nationality":"Australia","birthdate":"2005-11-11","sex":"M"},"name":"driver_license","slot":15,"count":1},{"metadata":{"durability":1737926383,"degrade":43829},"name":"teapotlighter","slot":16,"count":2}]', '4793533103', '2024-12-27 14:32:21', '2024-12-27 10:41:39', NULL, NULL, 7);

-- Dumping data for table qboxproject_668ffc.playerskins: ~6 rows (approximately)
INSERT INTO `playerskins` (`id`, `citizenid`, `model`, `skin`, `active`) VALUES
	(3, 'XIMZ88BF', 'mp_m_freemode_01', '{"tattoos":[],"props":[{"prop_id":0,"drawable":-1,"texture":-1},{"prop_id":1,"drawable":-1,"texture":-1},{"prop_id":2,"drawable":-1,"texture":-1},{"prop_id":6,"drawable":-1,"texture":-1},{"prop_id":7,"drawable":-1,"texture":-1}],"hair":{"highlight":0,"style":0,"color":0,"texture":0},"headBlend":{"thirdMix":0,"shapeThird":0,"skinFirst":0,"shapeSecond":0,"shapeFirst":0,"skinMix":0,"shapeMix":0,"skinThird":0,"skinSecond":0},"faceFeatures":{"chinBoneSize":0,"eyeBrownHigh":0,"jawBoneBackSize":0,"lipsThickness":0,"nosePeakHigh":0,"noseWidth":0,"noseBoneHigh":0,"eyesOpening":0,"cheeksBoneHigh":0,"nosePeakLowering":0,"cheeksWidth":0,"neckThickness":0,"chinBoneLenght":0,"chinBoneLowering":0,"jawBoneWidth":0,"noseBoneTwist":0,"eyeBrownForward":0,"chinHole":0,"cheeksBoneWidth":0,"nosePeakSize":0},"model":"mp_m_freemode_01","components":[{"texture":0,"drawable":0,"component_id":0},{"texture":0,"drawable":0,"component_id":1},{"texture":0,"drawable":0,"component_id":2},{"texture":0,"drawable":0,"component_id":3},{"texture":0,"drawable":0,"component_id":4},{"texture":0,"drawable":0,"component_id":5},{"texture":0,"drawable":0,"component_id":6},{"texture":0,"drawable":0,"component_id":7},{"texture":0,"drawable":0,"component_id":8},{"texture":0,"drawable":0,"component_id":9},{"texture":0,"drawable":0,"component_id":10},{"texture":0,"drawable":0,"component_id":11}],"eyeColor":0,"headOverlays":{"ageing":{"opacity":0,"secondColor":0,"color":0,"style":0},"sunDamage":{"opacity":0,"secondColor":0,"color":0,"style":0},"blush":{"opacity":0,"secondColor":0,"color":0,"style":0},"moleAndFreckles":{"opacity":0,"secondColor":0,"color":0,"style":0},"blemishes":{"opacity":0,"secondColor":0,"color":0,"style":0},"complexion":{"opacity":0,"secondColor":0,"color":0,"style":0},"lipstick":{"opacity":0,"secondColor":0,"color":0,"style":0},"makeUp":{"opacity":0,"secondColor":0,"color":0,"style":0},"beard":{"opacity":0,"secondColor":0,"color":0,"style":0},"bodyBlemishes":{"opacity":0,"secondColor":0,"color":0,"style":0},"eyebrows":{"opacity":0,"secondColor":0,"color":0,"style":0},"chestHair":{"opacity":0,"secondColor":0,"color":0,"style":0}}}', 1),
	(4, 'F3A13LMP', 'mp_m_freemode_01', '{"tattoos":[],"props":[{"prop_id":0,"drawable":-1,"texture":-1},{"prop_id":1,"drawable":-1,"texture":-1},{"prop_id":2,"drawable":-1,"texture":-1},{"prop_id":6,"drawable":-1,"texture":-1},{"prop_id":7,"drawable":-1,"texture":-1}],"hair":{"highlight":0,"style":0,"color":0,"texture":0},"headBlend":{"thirdMix":0,"shapeThird":0,"skinFirst":0,"shapeSecond":0,"shapeFirst":0,"skinMix":0,"shapeMix":0,"skinThird":0,"skinSecond":0},"faceFeatures":{"chinBoneSize":0,"eyeBrownHigh":0,"jawBoneBackSize":0,"lipsThickness":0,"nosePeakHigh":0,"noseWidth":0,"noseBoneHigh":0,"eyesOpening":0,"cheeksBoneHigh":0,"nosePeakLowering":0,"cheeksWidth":0,"neckThickness":0,"chinBoneLenght":0,"chinBoneLowering":0,"jawBoneWidth":0,"noseBoneTwist":0,"eyeBrownForward":0,"chinHole":0,"cheeksBoneWidth":0,"nosePeakSize":0},"model":"mp_m_freemode_01","components":[{"texture":0,"drawable":0,"component_id":0},{"texture":0,"drawable":0,"component_id":1},{"texture":0,"drawable":0,"component_id":2},{"texture":0,"drawable":0,"component_id":3},{"texture":0,"drawable":0,"component_id":4},{"texture":0,"drawable":0,"component_id":5},{"texture":0,"drawable":0,"component_id":6},{"texture":0,"drawable":0,"component_id":7},{"texture":0,"drawable":0,"component_id":8},{"texture":0,"drawable":0,"component_id":9},{"texture":0,"drawable":0,"component_id":10},{"texture":0,"drawable":0,"component_id":11}],"eyeColor":0,"headOverlays":{"ageing":{"opacity":0,"secondColor":0,"color":0,"style":0},"sunDamage":{"opacity":0,"secondColor":0,"color":0,"style":0},"blush":{"opacity":0,"secondColor":0,"color":0,"style":0},"moleAndFreckles":{"opacity":0,"secondColor":0,"color":0,"style":0},"blemishes":{"opacity":0,"secondColor":0,"color":0,"style":0},"complexion":{"opacity":0,"secondColor":0,"color":0,"style":0},"lipstick":{"opacity":0,"secondColor":0,"color":0,"style":0},"makeUp":{"opacity":0,"secondColor":0,"color":0,"style":0},"beard":{"opacity":0,"secondColor":0,"color":0,"style":0},"bodyBlemishes":{"opacity":0,"secondColor":0,"color":0,"style":0},"eyebrows":{"opacity":0,"secondColor":0,"color":0,"style":0},"chestHair":{"opacity":0,"secondColor":0,"color":0,"style":0}}}', 1),
	(9, 'Y47QQO20', 'mp_m_freemode_01', '{"components":[{"component_id":0,"texture":0,"drawable":0},{"component_id":2,"texture":0,"drawable":0},{"component_id":7,"texture":0,"drawable":0},{"component_id":9,"texture":0,"drawable":0},{"component_id":1,"texture":0,"drawable":52},{"component_id":10,"texture":0,"drawable":0},{"component_id":4,"texture":0,"drawable":24},{"component_id":6,"texture":10,"drawable":6},{"component_id":3,"texture":0,"drawable":53},{"component_id":8,"texture":0,"drawable":15},{"component_id":11,"texture":0,"drawable":717},{"component_id":5,"texture":1,"drawable":139}],"tattoos":[],"faceFeatures":{"cheeksWidth":0,"lipsThickness":0,"chinBoneLowering":0,"noseBoneTwist":0,"eyeBrownHigh":0,"eyesOpening":0,"noseBoneHigh":0,"cheeksBoneHigh":0,"chinBoneLenght":0,"chinHole":0,"eyeBrownForward":0,"jawBoneBackSize":0,"jawBoneWidth":0,"neckThickness":0,"nosePeakSize":0,"chinBoneSize":0,"cheeksBoneWidth":0,"nosePeakLowering":0,"nosePeakHigh":0,"noseWidth":0},"headOverlays":{"blush":{"secondColor":0,"color":0,"style":0,"opacity":0},"blemishes":{"secondColor":0,"color":0,"style":0,"opacity":0},"beard":{"secondColor":0,"color":0,"style":0,"opacity":0},"makeUp":{"secondColor":0,"color":0,"style":0,"opacity":0},"chestHair":{"secondColor":0,"color":0,"style":0,"opacity":0},"eyebrows":{"secondColor":0,"color":61,"style":29,"opacity":1},"complexion":{"secondColor":0,"color":0,"style":0,"opacity":0},"bodyBlemishes":{"secondColor":0,"color":0,"style":0,"opacity":0},"sunDamage":{"secondColor":0,"color":0,"style":0,"opacity":0},"lipstick":{"secondColor":0,"color":0,"style":0,"opacity":0},"ageing":{"secondColor":0,"color":0,"style":0,"opacity":0},"moleAndFreckles":{"secondColor":0,"color":0,"style":0,"opacity":0}},"model":"mp_m_freemode_01","hair":{"color":63,"highlight":61,"texture":0,"style":14},"eyeColor":12,"headBlend":{"skinSecond":0,"shapeFirst":0,"skinFirst":4,"shapeSecond":0,"shapeThird":0,"shapeMix":0,"thirdMix":0,"skinThird":0,"skinMix":0},"props":[{"prop_id":1,"texture":2,"drawable":24},{"prop_id":2,"texture":0,"drawable":39},{"prop_id":0,"texture":1,"drawable":224},{"prop_id":6,"texture":0,"drawable":45},{"prop_id":7,"texture":0,"drawable":12}]}', 1),
	(13, 'GCO14523', 'mp_m_freemode_01', '{"faceFeatures":{"noseBoneHigh":0,"nosePeakLowering":0,"eyesOpening":0,"chinBoneLowering":0,"noseWidth":0,"neckThickness":0,"jawBoneWidth":0,"cheeksWidth":0,"nosePeakHigh":0,"lipsThickness":0,"eyeBrownHigh":0,"jawBoneBackSize":0,"nosePeakSize":0,"chinBoneSize":0,"cheeksBoneHigh":0,"eyeBrownForward":0,"chinBoneLenght":0,"cheeksBoneWidth":0,"chinHole":0,"noseBoneTwist":0},"components":[{"drawable":0,"component_id":0,"texture":0},{"drawable":0,"component_id":1,"texture":0},{"drawable":0,"component_id":2,"texture":0},{"drawable":0,"component_id":3,"texture":0},{"drawable":0,"component_id":4,"texture":0},{"drawable":0,"component_id":5,"texture":0},{"drawable":0,"component_id":6,"texture":0},{"drawable":0,"component_id":7,"texture":0},{"drawable":0,"component_id":8,"texture":0},{"drawable":0,"component_id":9,"texture":0},{"drawable":0,"component_id":10,"texture":0},{"drawable":0,"component_id":11,"texture":0}],"eyeColor":0,"hair":{"style":0,"color":0,"highlight":0,"texture":0},"headBlend":{"skinFirst":0,"shapeSecond":0,"shapeThird":0,"skinSecond":0,"skinThird":0,"skinMix":0,"shapeMix":0,"shapeFirst":0,"thirdMix":0},"model":"mp_m_freemode_01","props":[{"drawable":-1,"prop_id":0,"texture":-1},{"drawable":-1,"prop_id":1,"texture":-1},{"drawable":-1,"prop_id":2,"texture":-1},{"drawable":-1,"prop_id":6,"texture":-1},{"drawable":-1,"prop_id":7,"texture":-1}],"headOverlays":{"bodyBlemishes":{"style":0,"secondColor":0,"opacity":0,"color":0},"complexion":{"style":0,"secondColor":0,"opacity":0,"color":0},"sunDamage":{"style":0,"secondColor":0,"opacity":0,"color":0},"makeUp":{"style":0,"secondColor":0,"opacity":0,"color":0},"moleAndFreckles":{"style":0,"secondColor":0,"opacity":0,"color":0},"ageing":{"style":0,"secondColor":0,"opacity":0,"color":0},"eyebrows":{"style":0,"secondColor":0,"opacity":0,"color":0},"beard":{"style":0,"secondColor":0,"opacity":0,"color":0},"blemishes":{"style":0,"secondColor":0,"opacity":0,"color":0},"lipstick":{"style":0,"secondColor":0,"opacity":0,"color":0},"blush":{"style":0,"secondColor":0,"opacity":0,"color":0},"chestHair":{"style":0,"secondColor":0,"opacity":0,"color":0}},"tattoos":[]}', 1),
	(17, 'Z9B5D8M6', 'mp_m_freemode_01', '{"tattoos":[],"eyeColor":0,"props":[{"drawable":227,"prop_id":0,"texture":0},{"drawable":24,"prop_id":1,"texture":1},{"drawable":-1,"prop_id":2,"texture":-1},{"drawable":-1,"prop_id":6,"texture":-1},{"drawable":-1,"prop_id":7,"texture":-1}],"hair":{"color":61,"texture":0,"highlight":0,"style":199},"faceFeatures":{"eyeBrownHigh":0,"noseBoneTwist":0,"chinHole":0,"nosePeakHigh":0,"eyeBrownForward":0,"chinBoneSize":0,"chinBoneLenght":0,"eyesOpening":0,"chinBoneLowering":0,"neckThickness":0,"cheeksBoneWidth":0,"cheeksBoneHigh":0,"cheeksWidth":0,"nosePeakSize":0,"noseWidth":0,"noseBoneHigh":0,"jawBoneWidth":0,"lipsThickness":0,"jawBoneBackSize":0,"nosePeakLowering":0},"components":[{"texture":0,"drawable":0,"component_id":0},{"texture":0,"drawable":0,"component_id":1},{"texture":0,"drawable":199,"component_id":2},{"texture":0,"drawable":52,"component_id":3},{"texture":2,"drawable":5,"component_id":4},{"texture":0,"drawable":6,"component_id":6},{"texture":1,"drawable":288,"component_id":7},{"texture":0,"drawable":192,"component_id":8},{"texture":0,"drawable":0,"component_id":9},{"texture":0,"drawable":0,"component_id":10},{"texture":1,"drawable":708,"component_id":11},{"texture":0,"drawable":132,"component_id":5}],"model":"mp_m_freemode_01","headOverlays":{"complexion":{"color":0,"opacity":0,"secondColor":0,"style":0},"lipstick":{"color":0,"opacity":0,"secondColor":0,"style":0},"blush":{"color":0,"opacity":0,"secondColor":0,"style":0},"moleAndFreckles":{"color":0,"opacity":0,"secondColor":0,"style":0},"makeUp":{"color":0,"opacity":0,"secondColor":0,"style":0},"eyebrows":{"color":0,"opacity":1,"secondColor":0,"style":15},"ageing":{"color":0,"opacity":0,"secondColor":0,"style":0},"sunDamage":{"color":0,"opacity":0,"secondColor":0,"style":0},"blemishes":{"color":0,"opacity":0,"secondColor":0,"style":0},"chestHair":{"color":0,"opacity":0,"secondColor":0,"style":0},"beard":{"color":0,"opacity":0,"secondColor":0,"style":0},"bodyBlemishes":{"color":0,"opacity":0,"secondColor":0,"style":0}},"headBlend":{"skinMix":0.5,"skinFirst":8,"thirdMix":0,"skinThird":0,"shapeSecond":6,"shapeFirst":45,"skinSecond":0,"shapeMix":0.6,"shapeThird":0}}', 1),
	(20, 'V7J9L525', 'mp_m_freemode_01', '{"headOverlays":{"eyebrows":{"color":0,"secondColor":0,"style":0,"opacity":0},"makeUp":{"color":0,"secondColor":0,"style":0,"opacity":0},"blush":{"color":0,"secondColor":0,"style":0,"opacity":0},"beard":{"color":0,"secondColor":0,"style":0,"opacity":0},"moleAndFreckles":{"color":0,"secondColor":0,"style":0,"opacity":0},"blemishes":{"color":0,"secondColor":0,"style":0,"opacity":0},"complexion":{"color":0,"secondColor":0,"style":0,"opacity":0},"bodyBlemishes":{"color":0,"secondColor":0,"style":0,"opacity":0},"lipstick":{"color":0,"secondColor":0,"style":0,"opacity":0},"ageing":{"color":0,"secondColor":0,"style":0,"opacity":0},"sunDamage":{"color":0,"secondColor":0,"style":0,"opacity":0},"chestHair":{"color":0,"secondColor":0,"style":0,"opacity":0}},"headBlend":{"skinThird":0,"shapeFirst":0,"skinMix":0,"shapeSecond":0,"skinSecond":0,"skinFirst":0,"thirdMix":0,"shapeMix":0,"shapeThird":0},"tattoos":{"ZONE_HAIR":[]},"components":[{"drawable":0,"texture":0,"component_id":0},{"drawable":0,"texture":0,"component_id":2},{"drawable":0,"texture":0,"component_id":3},{"drawable":0,"texture":0,"component_id":4},{"drawable":0,"texture":0,"component_id":5},{"drawable":0,"texture":0,"component_id":6},{"drawable":0,"texture":0,"component_id":7},{"drawable":0,"texture":0,"component_id":8},{"drawable":0,"texture":0,"component_id":9},{"drawable":0,"texture":0,"component_id":10},{"drawable":0,"texture":0,"component_id":11},{"drawable":0,"texture":0,"component_id":1}],"faceFeatures":{"nosePeakSize":0,"eyesOpening":0,"cheeksBoneHigh":0,"jawBoneBackSize":0,"cheeksBoneWidth":0,"nosePeakLowering":0,"noseWidth":0,"noseBoneTwist":0,"jawBoneWidth":0,"chinBoneLenght":0,"eyeBrownHigh":0,"eyeBrownForward":0,"neckThickness":0,"chinHole":0,"lipsThickness":0,"nosePeakHigh":0,"cheeksWidth":0,"chinBoneLowering":0,"chinBoneSize":0,"noseBoneHigh":0},"hair":{"highlight":0,"texture":0,"style":0,"color":0},"eyeColor":0,"props":[{"drawable":-1,"texture":-1,"prop_id":1},{"drawable":-1,"texture":-1,"prop_id":2},{"drawable":-1,"texture":-1,"prop_id":6},{"drawable":-1,"texture":-1,"prop_id":7},{"drawable":250,"texture":1,"prop_id":0}],"model":"mp_m_freemode_01"}', 1);

-- Dumping data for table qboxproject_668ffc.player_groups: ~3 rows (approximately)
INSERT INTO `player_groups` (`citizenid`, `group`, `type`, `grade`) VALUES
	('DF2333H2', 'realestate', 'job', 3),
	('V7J9L525', 'police', 'job', 3),
	('V7J9L525', 'realestate', 'job', 3);

-- Dumping data for table qboxproject_668ffc.player_jobs_activity: ~5 rows (approximately)
INSERT INTO `player_jobs_activity` (`id`, `citizenid`, `job`, `last_checkin`, `last_checkout`) VALUES
	(12, 'V7J9L525', 'realestate', 1735122092, 1735124560),
	(13, 'V7J9L525', 'realestate', 1735124954, 1735127925),
	(14, 'V7J9L525', 'police', 1735127925, 1735129765),
	(15, 'V7J9L525', 'police', 1735199854, 1735203119),
	(16, 'V7J9L525', 'realestate', 1735203925, 1735208573),
	(17, 'V7J9L525', 'police', 1735209492, 1735215827);

-- Dumping data for table qboxproject_668ffc.player_mails: ~3 rows (approximately)
INSERT INTO `player_mails` (`id`, `citizenid`, `sender`, `subject`, `message`, `read`, `mailid`, `date`, `button`) VALUES
	(1, 'Z9B5D8M6', 'Mr. Attenborough', 'Test Email', 'This is a test of our electronic mail system', 1, 471143, '2024-12-21 17:37:31', NULL),
	(2, 'Z9B5D8M6', 'Mr. Attenborough', 'Test Email', 'This is a test of our electronic mail system', 1, 301264, '2024-12-21 17:37:51', NULL),
	(4, 'Z9B5D8M6', 'Turner\'s Auto Wrecking', 'Vehicle List', 'You can only scrap a limited number of vehicles..<br />You can keep everything you scrap for yourself as long as you don\'t bother me.<br /><br /><strong>Vehicle List:</strong><br />Dinka Akuma<br />bermacht  Sentinel XS<br />Karin Rusty Rebel<br />Benefactor Feltzer<br />Declasse Rhapsody<br />Grotti Grotti Turismo R<br />Maxwell Asbo<br />Benefactor Schafter<br />Vapid Dominator<br />Albany Alpha<br />Vapid Chino<br />Obey Rocoto<br />Enus Huntley S<br />Canis Seminole<br />Enus Cognoscenti<br />Vapid Bobcat XL Open<br />Declasse Asea<br />Bravado Gauntlet<br />Schyster Fusilade<br />Gallivanter Baller<br />Lampadati Felon<br />Imponte Ruiner<br />Dundreary Stretch<br />Benefactor Panto<br />Dinka Blista Compact<br />Obey 9F<br />Bravado Banshee<br />bermacht Zion<br />Dinka Jester<br />Vapid Slam Van<br />Pfister Comet<br />Gallivanter Baller<br />Fathom FQ2<br />Vapid Bullet<br />Bravado Buffalo S<br />Bravado Bison<br />Declasse Sabre Turbo<br />Declasse Tampa<br />Albany Virgo<br />Dinka Blista<br />', 1, 660491, '2024-12-22 16:48:59', NULL);

-- Dumping data for table qboxproject_668ffc.player_outfits: ~0 rows (approximately)

-- Dumping data for table qboxproject_668ffc.player_outfit_codes: ~0 rows (approximately)

-- Dumping data for table qboxproject_668ffc.player_reputation: ~0 rows (approximately)

-- Dumping data for table qboxproject_668ffc.player_transactions: ~0 rows (approximately)

-- Dumping data for table qboxproject_668ffc.player_vehicles: ~0 rows (approximately)
INSERT INTO `player_vehicles` (`id`, `license`, `citizenid`, `vehicle`, `hash`, `mods`, `plate`, `fakeplate`, `garage`, `fuel`, `engine`, `body`, `state`, `depotprice`, `drivingdistance`, `status`, `in_garage`, `glovebox`, `trunk`, `garage_id`, `garage_type`, `job_personalowned`, `property`, `impound`, `impound_data`, `adv_stats`, `harness`, `evidence`) VALUES
	(4, 'license2:27ef90662217745982ad9f2bb4c7ba474d690465', 'V7J9L525', 'schlagenstr', '-1181834710', '{"modTrimA":-1,"tireBurstState":{"1":false,"2":false,"3":false,"4":false,"5":false,"6":false,"7":false,"0":false},"modArchCover":-1,"model":-1181834710,"wheelSize":1.0,"modAPlate":-1,"engineHealth":1000,"driftTyres":false,"modRoofLivery":-1,"modHood":-1,"modSmokeEnabled":false,"modVanityPlate":-1,"oilLevel":5,"wheelWidth":1.0,"windowStatus":{"1":true,"2":false,"3":false,"4":false,"5":false,"6":false,"7":true,"0":true},"modShifterLeavers":-1,"modFrame":-1,"modSpeakers":-1,"modTrimB":-1,"modNitrous":-1,"interiorColor":11,"modSubwoofer":-1,"modSideSkirt":-1,"modStruts":-1,"modLightbar":-1,"modCustomTiresR":false,"doorStatus":{"1":false,"2":false,"3":false,"4":false,"5":false,"0":false},"paintType2":7,"modTransmission":-1,"modKit17":-1,"modTank":-1,"modKit49":-1,"tankHealth":1000,"modSpoilers":-1,"modDashboard":-1,"modDoorR":-1,"modRightFender":-1,"modFrontWheels":-1,"modKit21":false,"wheelColor":12,"modWindows":-1,"modTurbo":false,"dashboardColor":27,"bulletProofTyres":true,"pearlescentColor":11,"liveryRoof":-1,"modEngine":-1,"modEngineBlock":-1,"paintType1":7,"modFrontBumper":-1,"modSuspension":-1,"modSeats":-1,"modTrunk":-1,"plate":"02SIJ779","modKit47":-1,"modKit19":-1,"dirtLevel":6,"color1":62,"modArmor":-1,"modRoof":-1,"modExhaust":-1,"tireBurstCompletely":{"1":false,"2":false,"3":false,"4":false,"5":false,"6":false,"7":false,"0":false},"xenonColor":255,"doors":[],"tireHealth":{"1":1000.0,"2":1000.0,"3":1000.0,"0":1000.0},"modGrille":-1,"modDoorSpeaker":-1,"modHydraulics":false,"modHydrolic":-1,"modBrakes":-1,"wheels":7,"modDial":-1,"plateIndex":0,"color2":62,"windows":[2,3,4,5,6],"bodyHealth":1000,"neonColor":[255,0,255],"headlightColor":255,"tyres":[],"modSteeringWheel":-1,"modOrnaments":-1,"modAerials":-1,"tyreSmokeColor":[255,255,255],"modBackWheels":-1,"extras":[0,0],"fuelLevel":100,"modAirFilter":-1,"modHorns":-1,"modLivery":-1,"modFender":-1,"modCustomTiresF":false,"neonEnabled":[false,false,false,false],"modXenon":false,"windowTint":-1,"modPlateHolder":-1,"modRearBumper":-1}', '02SIJ779', NULL, NULL, 100, 1000, 1000, 0, 0, NULL, NULL, 1, NULL, NULL, 'A', 'car', '', 1, 0, '', '{"mileage":2.19,"maxhealth":1000.0,"plate":"02SIJ779"}', NULL, NULL);

-- Dumping data for table qboxproject_668ffc.prolaser4: ~0 rows (approximately)

-- Dumping data for table qboxproject_668ffc.properties: ~0 rows (approximately)
INSERT INTO `properties` (`id`, `owner`, `coords`, `label`, `zone`, `keys`, `wall_color`, `price`, `type`, `shell`, `ipl`, `doors`, `furniture`, `house_zone`, `garage_zone`) VALUES
	(1, 'V7J9L525', '{"x":72.09933471679688,"y":-1939.1448974609376,"z":21.36927032470703,"w":138.09420776367188}', 'Grove St 1', 'Davis', '[]', '#000000', 1, 'mlo', NULL, NULL, '[[{"heading":313.5740966796875,"model":-376763091,"coords":{"x":72.52883911132813,"y":-1940.1435546875,"z":21.50403976440429}},{"heading":314.1335754394531,"model":-751083382,"coords":{"x":71.0932846069336,"y":-1938.639892578125,"z":21.50403976440429}}]]', '[{"model":"sn_panel","coords":{"x":70.61164093017578,"y":-1938.302490234375,"z":21.18000030517578},"uid":197409,"rotation":{"x":0.0,"y":0.0,"z":-37.63000106811523}},{"model":"sf_prop_sf_door_stud_01b","coords":{"x":65.84339904785156,"y":-1937.5572509765626,"z":21.52145767211914},"uid":910089,"rotation":{"x":0.0,"y":0.0,"z":-49.67999649047851}},{"model":"sn_wall4","coords":{"x":69.12747192382813,"y":-1938.9749755859376,"z":21.77545356750488},"uid":221691,"rotation":{"x":0.0,"y":0.0,"z":43.20000076293945}},{"model":"sn_wall4","coords":{"x":66.9107666015625,"y":-1938.8170166015626,"z":21.77545356750488},"uid":776462,"rotation":{"x":0.0,"y":0.0,"z":-50.2400016784668}},{"model":"sn_wall2","coords":{"x":64.79618072509766,"y":-1936.3819580078126,"z":21.77545356750488},"uid":705733,"rotation":{"x":0.0,"y":0.0,"z":-49.27999496459961}},{"model":"sn_wall2","coords":{"x":64.55516052246094,"y":-1936.08642578125,"z":21.77545356750488},"uid":62516,"rotation":{"x":0.0,"y":-0.0,"z":132.35000610351563}},{"model":"bkr_prop_gunlocker_01a","coords":{"x":69.82624053955078,"y":-1931.5445556640626,"z":20.37178802490234},"uid":71084,"rotation":{"x":-0.0,"y":-0.0,"z":-47.21187210083008}}]', '{"height":3.0,"size":"medium","points":[{"x":74.27696990966797,"y":-1942.025390625,"z":21.87170600891113},{"x":66.2502670288086,"y":-1949.68798828125,"z":21.87170600891113},{"x":58.48933792114258,"y":-1941.559326171875,"z":21.87170600891113},{"x":69.629638671875,"y":-1930.888671875,"z":21.87170600891113},{"x":72.77335357666016,"y":-1934.197509765625,"z":21.87170600891113},{"x":70.77398681640625,"y":-1936.1126708984376,"z":21.87170600891113},{"x":71.3943099975586,"y":-1936.75927734375,"z":21.87170600891113},{"x":70.27824401855469,"y":-1937.83251953125,"z":21.87170600891113}]}', '{"z":19.61894798278808,"y":-1929.120361328125,"x":84.04566955566406,"w":47.76507568359375}');

-- Dumping data for table qboxproject_668ffc.pug_atm: ~0 rows (approximately)
INSERT INTO `pug_atm` (`id`, `settings`) VALUES
	(1, '                {"rewardType":"cash","minMoney":"250","cooldown":"30","moneyReward":true,"maxMoney":"1500","rewardItems":[{"maxAmount":"1","minAmount":"1","chance":"10","itemName":"BANKCARD"},{"maxAmount":"40","minAmount":"10","chance":"60","itemName":"STACKSOFCASH"},{"maxAmount":"55","minAmount":"30","chance":"70","itemName":"BANDSOFNOTES"}],"atmRobberyPoliceRequired":"3","requiredItems":[{"chance":"50","itemName":"DRILL","amount":"1"},{"chance":"100","itemName":"UNMARKEDSIMCARD","amount":"1"}],"robberyMethod":"rope","minigameOption":"maze","nightOnly":true}\n            ');

-- Dumping data for table qboxproject_668ffc.pug_banktruck: ~0 rows (approximately)
INSERT INTO `pug_banktruck` (`id`, `settings`) VALUES
	(1, '                {"rewardMoney":[],"bankTruckLootCooldown":10,"bankTruckRestartCooldown":30,"initiatingStartingPoint":[],"miniGame":"inspired-thermite","policeRequired":1,"securityLevel":0,"dynamicSpawnLocations":true,"guardsShootOption":true,"rewardItem":[{"chance":100,"minAmount":200,"maxAmount":500,"name":"BANDSOFNOTES"},{"chance":100,"minAmount":50,"maxAmount":200,"name":"STACKSOFCASH"}],"otherRobberiesCooldown":{"cooldownTime":35,"enabled":true},"spawnLocations":[{"vector":[1208.77,2705.67,37.61],"heading":174},{"vector":[241.96,193.21,104.69],"heading":66},{"vector":[-1238,-874.66,12.1],"heading":128}],"BankTruckpoliceRequired":5,"bankTruckCooldown":70,"requiredItem":[{"quantityNeeded":1,"chanceToLose":100,"name":"BANKCARD"}],"lockBankTruck":true}\n            ');

-- Dumping data for table qboxproject_668ffc.pug_heist: ~8 rows (approximately)
INSERT INTO `pug_heist` (`id`, `heist_name`, `stages`, `settings`) VALUES
	(145, 'fleeca heist', '[{"stepNumber":1,"quantity":"1","rewardItem":false,"unlockTimeCheckbox":false,"selectedWeapon":"","xpOptions":false,"isRequiredNextStage":false,"selectedDoorName":"","propName":"","minigameType":"","heading":"0.00","xpRemoveAmount":"0","lasers":[],"targetVector":"146.48, -1040.25, 29.86","targetText":"","dropWalletWithPasscode":false,"triggersBlackout":false,"createExplosion":false,"pedCoords":"146.40, -1040.87, 28.37","difficulty":"","requireWeaponInHand":false,"penaltyType":"","minigameCheckbox":false,"requiresItem":true,"delayRewardCheckbox":false,"propHeading":"0.00","xpRewardAmount":"0","rewardItemMax":"","itemName":"laptop","isOptional":false,"rewardItemMin":"","sendAlert":true,"rewardMoneyMax":"1","unlockTime":"","requiredWeapons":[],"lootableItems":[],"rewardItemName":"","items":[{"itemQuantity":1,"itemName":"laptop","loseChance":1}],"stepName":"robabble object","rewardItemQuantity":"","rewardMoneyType":"cash","rewardMoney":false,"rewardMoneyMin":"1","rewardItems":[],"penaltyChance":"","rewardDelayTime":"1","guards":[],"penaltyForFailing":false,"hackType":"memorygame","xpNeededAmount":"0","type":"robabble_object","blackoutDuration":"1","animation":"1","removeXpOnHit":false,"requireSimultaneous":false},{"stepNumber":2,"quantity":"1","rewardItem":false,"unlockTimeCheckbox":false,"selectedWeapon":"","xpOptions":false,"isRequiredNextStage":true,"selectedDoorName":"","propName":"","minigameType":"","heading":"0.00","xpRemoveAmount":"0","lasers":[],"targetVector":"147.82, -1040.78, 29.89","targetText":"","dropWalletWithPasscode":false,"triggersBlackout":false,"createExplosion":false,"pedCoords":"147.57, -1041.31, 28.37","difficulty":"","requireWeaponInHand":false,"penaltyType":"","minigameCheckbox":false,"requiresItem":true,"delayRewardCheckbox":false,"propHeading":"0.00","xpRewardAmount":"0","rewardItemMax":"","itemName":"laptop","isOptional":false,"rewardItemMin":"","sendAlert":false,"rewardMoneyMax":"1","unlockTime":"","requiredWeapons":[],"lootableItems":[],"rewardItemName":"","items":[{"itemQuantity":1,"itemName":"laptop","loseChance":1}],"stepName":"robabble object (Copy 1)","rewardItemQuantity":"","rewardMoneyType":"cash","rewardMoney":false,"rewardMoneyMin":"1","rewardItems":[],"penaltyChance":"","rewardDelayTime":"1","guards":[],"penaltyForFailing":false,"hackType":"memorygame","xpNeededAmount":"0","type":"robabble_object","blackoutDuration":"1","animation":"1","removeXpOnHit":false,"requireSimultaneous":false},{"stepNumber":3,"quantity":"1","rewardItem":false,"unlockTimeCheckbox":false,"selectedWeapon":"","xpOptions":false,"isRequiredNextStage":true,"selectedDoorName":"","propName":"","minigameType":"","heading":"0.00","xpRemoveAmount":"0","lasers":[],"targetVector":"149.26, -1041.28, 29.89","targetText":"","dropWalletWithPasscode":false,"triggersBlackout":false,"createExplosion":false,"pedCoords":"148.99, -1041.87, 28.37","difficulty":"","requireWeaponInHand":false,"penaltyType":"","minigameCheckbox":false,"requiresItem":true,"delayRewardCheckbox":false,"propHeading":"0.00","xpRewardAmount":"0","rewardItemMax":"","itemName":"laptop","isOptional":false,"rewardItemMin":"","sendAlert":false,"rewardMoneyMax":"1","unlockTime":"","requiredWeapons":[],"lootableItems":[],"rewardItemName":"","items":[{"itemQuantity":1,"itemName":"laptop","loseChance":1}],"stepName":"robabble object (Copy 1) (Copy 1)","rewardItemQuantity":"","rewardMoneyType":"cash","rewardMoney":false,"rewardMoneyMin":"1","rewardItems":[],"penaltyChance":"","rewardDelayTime":"1","guards":[],"penaltyForFailing":false,"hackType":"memorygame","xpNeededAmount":"0","type":"robabble_object","blackoutDuration":"1","animation":"1","removeXpOnHit":false,"requireSimultaneous":false},{"stepNumber":4,"quantity":"1","rewardItem":false,"unlockTimeCheckbox":false,"selectedWeapon":"","xpOptions":false,"isRequiredNextStage":true,"selectedDoorName":"","propName":"","minigameType":"","heading":"0.00","xpRemoveAmount":"0","lasers":[],"targetVector":"150.65, -1041.86, 29.91","targetText":"","dropWalletWithPasscode":false,"triggersBlackout":false,"createExplosion":false,"pedCoords":"150.56, -1042.44, 28.37","difficulty":"","requireWeaponInHand":false,"penaltyType":"","minigameCheckbox":false,"requiresItem":true,"delayRewardCheckbox":false,"propHeading":"0.00","xpRewardAmount":"0","rewardItemMax":"","itemName":"laptop","isOptional":false,"rewardItemMin":"","sendAlert":false,"rewardMoneyMax":"1","unlockTime":"","requiredWeapons":[],"lootableItems":[],"rewardItemName":"","items":[{"itemQuantity":1,"itemName":"laptop","loseChance":1}],"stepName":"robabble object (Copy 1) (Copy 1) (Copy 1)","rewardItemQuantity":"","rewardMoneyType":"cash","rewardMoney":false,"rewardMoneyMin":"1","rewardItems":[],"penaltyChance":"","rewardDelayTime":"1","guards":[],"penaltyForFailing":false,"hackType":"memorygame","xpNeededAmount":"0","type":"robabble_object","blackoutDuration":"1","animation":"1","removeXpOnHit":false,"requireSimultaneous":false},{"stepNumber":5,"penaltyChance":"100","rewardItem":false,"unlockTimeCheckbox":true,"doorId":"1000","selectedWeapon":"","xpOptions":false,"isRequiredNextStage":true,"selectedDoorName":"fleeca legion bank vault","propName":"","minigameType":"","heading":"264.00","xpRemoveAmount":"0","lasers":[],"targetVector":"147.19, -1046.21, 29.64","targetText":"","dropWalletWithPasscode":false,"quantity":"1","rewardMoneyMin":"","createExplosion":false,"pedCoords":"146.57, -1046.07, 28.37","difficulty":"","requireWeaponInHand":false,"minigameCheckbox":false,"lootableItems":[],"requiresItem":true,"delayRewardCheckbox":false,"blackoutDuration":"1","penaltyType":"","unlockTime":"300","itemName":"laptop","isOptional":false,"rewardItemMax":"","sendAlert":false,"rewardMoneyMax":"","propHeading":"0.00","requiredWeapons":[],"rewardMoneyType":"","doorPosition":"148.03, -1044.36, 29.51","items":[{"itemQuantity":1,"itemName":"laptop","loseChance":50},{"itemQuantity":1,"itemName":"fleecadevice","loseChance":100}],"stepName":"hackable door","rewardItemMin":"","rewardItemName":"","rewardItemQuantity":"","rewardMoney":false,"rewardItems":[],"removeXpOnHit":false,"rewardDelayTime":"","xpRewardAmount":"0","triggersBlackout":false,"hackType":"colorhack","xpNeededAmount":"0","guards":[],"penaltyForFailing":false,"animation":"11","type":"hackable_door","requireSimultaneous":false},{"stepNumber":6,"quantity":"","rewardItem":false,"unlockTimeCheckbox":false,"selectedWeapon":"","xpOptions":false,"isRequiredNextStage":false,"selectedDoorName":"","propName":"","minigameType":"","heading":"","xpRemoveAmount":"0","lasers":[],"targetVector":"","targetText":"","dropWalletWithPasscode":false,"triggersBlackout":false,"createExplosion":false,"pedCoords":"","difficulty":"","requireWeaponInHand":false,"penaltyType":"","minigameCheckbox":false,"requiresItem":false,"delayRewardCheckbox":false,"propHeading":"","xpRewardAmount":"0","rewardItemMax":"","itemName":"","isOptional":false,"rewardItemMin":"","sendAlert":false,"rewardMoneyMax":"","unlockTime":"","requiredWeapons":[],"lootableItems":[],"rewardItemName":"","items":[],"stepName":"custom door","rewardItemQuantity":"","rewardMoneyType":"","rewardMoney":false,"rewardMoneyMin":"","rewardItems":[],"penaltyChance":"","rewardDelayTime":"","guards":[],"penaltyForFailing":false,"hackType":"","xpNeededAmount":"0","type":"custom_door","blackoutDuration":"","animation":"","removeXpOnHit":false,"requireSimultaneous":false},{"stepNumber":7,"quantity":"","rewardItem":true,"unlockTimeCheckbox":false,"selectedWeapon":"","xpOptions":false,"isRequiredNextStage":false,"selectedDoorName":"","propName":"ch_prop_cash_low_trolly_01a","minigameType":"","heading":"121.00","xpRemoveAmount":"0","lasers":[],"targetVector":"150.36, -1045.45, 28.35","targetText":"","dropWalletWithPasscode":false,"triggersBlackout":false,"createExplosion":false,"pedCoords":"150.36, -1045.45, 28.35","difficulty":"","requireWeaponInHand":false,"penaltyType":"","minigameCheckbox":false,"requiresItem":false,"delayRewardCheckbox":false,"propHeading":"121.00","xpRewardAmount":"0","rewardItemMax":"9","itemName":"","isOptional":false,"rewardItemMin":"7","sendAlert":false,"rewardMoneyMax":"1","unlockTime":"","requiredWeapons":[],"lootableItems":[],"rewardItemName":"markedbills","items":[],"stepName":"robabble object","rewardItemQuantity":"","rewardMoneyType":"cash","rewardMoney":false,"rewardMoneyMin":"1","rewardItems":[{"minAmount":7,"itemName":"markedbills","maxAmount":9,"rewardChance":100},{"minAmount":8,"itemName":"stackofcash","maxAmount":12,"rewardChance":100}],"penaltyChance":"","rewardDelayTime":"1","guards":[],"penaltyForFailing":false,"hackType":"none","xpNeededAmount":"0","type":"robabble_object","blackoutDuration":"1","animation":"ch_prop_cash_low_trolly_01a","removeXpOnHit":false,"requireSimultaneous":false},{"stepNumber":8,"quantity":"","rewardItem":true,"unlockTimeCheckbox":false,"selectedWeapon":"","xpOptions":false,"isRequiredNextStage":false,"selectedDoorName":"","propName":"ch_prop_cash_low_trolly_01a","minigameType":"","heading":"284.00","xpRemoveAmount":"0","lasers":[],"targetVector":"146.78, -1049.76, 28.35","targetText":"","dropWalletWithPasscode":false,"triggersBlackout":false,"createExplosion":false,"pedCoords":"146.78, -1049.76, 28.35","difficulty":"","requireWeaponInHand":false,"penaltyType":"","minigameCheckbox":false,"requiresItem":false,"delayRewardCheckbox":false,"propHeading":"284.00","xpRewardAmount":"0","rewardItemMax":"9","itemName":"","isOptional":false,"rewardItemMin":"7","sendAlert":false,"rewardMoneyMax":"1","unlockTime":"","requiredWeapons":[],"lootableItems":[],"rewardItemName":"markedbills","items":[],"stepName":"robabble object (Copy 2)","rewardItemQuantity":"","rewardMoneyType":"cash","rewardMoney":false,"rewardMoneyMin":"1","rewardItems":[{"minAmount":7,"itemName":"markedbills","maxAmount":9,"rewardChance":100},{"minAmount":8,"itemName":"stackofcash","maxAmount":12,"rewardChance":100}],"penaltyChance":"","rewardDelayTime":"1","guards":[],"penaltyForFailing":false,"hackType":"none","xpNeededAmount":"0","type":"robabble_object","blackoutDuration":"1","animation":"ch_prop_cash_low_trolly_01a","removeXpOnHit":false,"requireSimultaneous":false},{"stepNumber":9,"quantity":"","rewardItem":true,"unlockTimeCheckbox":false,"selectedWeapon":"","xpOptions":false,"isRequiredNextStage":false,"selectedDoorName":"","propName":"ch_prop_cash_low_trolly_01a","minigameType":"","heading":"26.00","xpRemoveAmount":"0","lasers":[],"targetVector":"149.91, -1050.77, 28.35","targetText":"","dropWalletWithPasscode":false,"triggersBlackout":false,"createExplosion":false,"pedCoords":"149.91, -1050.77, 28.35","difficulty":"","requireWeaponInHand":false,"penaltyType":"","minigameCheckbox":false,"requiresItem":false,"delayRewardCheckbox":false,"propHeading":"26.00","xpRewardAmount":"0","rewardItemMax":"9","itemName":"","isOptional":false,"rewardItemMin":"7","sendAlert":false,"rewardMoneyMax":"1","unlockTime":"","requiredWeapons":[],"lootableItems":[],"rewardItemName":"markedbills","items":[],"stepName":"robabble object (Copy 2) (Copy 1)","rewardItemQuantity":"","rewardMoneyType":"cash","rewardMoney":false,"rewardMoneyMin":"1","rewardItems":[{"minAmount":7,"itemName":"markedbills","maxAmount":9,"rewardChance":100},{"minAmount":8,"itemName":"stackofcash","maxAmount":12,"rewardChance":100}],"penaltyChance":"","rewardDelayTime":"1","guards":[],"penaltyForFailing":false,"hackType":"none","xpNeededAmount":"0","type":"robabble_object","blackoutDuration":"1","animation":"ch_prop_cash_low_trolly_01a","removeXpOnHit":false,"requireSimultaneous":false},{"stepNumber":10,"quantity":"","rewardItem":true,"unlockTimeCheckbox":false,"selectedWeapon":"","xpOptions":false,"isRequiredNextStage":false,"selectedDoorName":"","propName":"h4_prop_h4_cash_stack_01a","minigameType":"","heading":"165.00","xpRemoveAmount":"0","lasers":[],"targetVector":"148.62, -1049.11, 29.20","targetText":"","dropWalletWithPasscode":false,"triggersBlackout":false,"createExplosion":false,"pedCoords":"148.62, -1049.11, 29.20","difficulty":"","requireWeaponInHand":false,"penaltyType":"","minigameCheckbox":false,"requiresItem":false,"delayRewardCheckbox":false,"propHeading":"165.00","xpRewardAmount":"0","rewardItemMax":"9","itemName":"","isOptional":false,"rewardItemMin":"7","sendAlert":false,"rewardMoneyMax":"1","unlockTime":"","requiredWeapons":[],"lootableItems":[],"rewardItemName":"markedbills","items":[],"stepName":"robabble object (Copy 2) (Copy 1) (Copy 1)","rewardItemQuantity":"","rewardMoneyType":"cash","rewardMoney":false,"rewardMoneyMin":"1","rewardItems":[{"minAmount":7,"itemName":"markedbills","maxAmount":9,"rewardChance":100},{"minAmount":8,"itemName":"stackofcash","maxAmount":12,"rewardChance":100},{"minAmount":1,"itemName":"paletobankcard","maxAmount":1,"rewardChance":25}],"penaltyChance":"","rewardDelayTime":"1","guards":[],"penaltyForFailing":false,"hackType":"none","xpNeededAmount":"0","type":"robabble_object","blackoutDuration":"1","animation":"h4_prop_h4_cash_stack_01a","removeXpOnHit":false,"requireSimultaneous":false},{"stepNumber":11,"penaltyChance":"100","rewardItem":false,"unlockTimeCheckbox":false,"doorId":"1001","selectedWeapon":"","xpOptions":false,"isRequiredNextStage":false,"selectedDoorName":"fleeca legion gate","propName":"","minigameType":"","heading":"167.00","xpRemoveAmount":"0","lasers":[],"targetVector":"148.46, -1046.53, 29.69","targetText":"","dropWalletWithPasscode":false,"quantity":"","rewardMoneyMin":"","createExplosion":false,"pedCoords":"148.65, -1046.05, 28.35","difficulty":"","requireWeaponInHand":false,"minigameCheckbox":false,"lootableItems":[],"requiresItem":false,"delayRewardCheckbox":false,"blackoutDuration":"1","penaltyType":"","unlockTime":"1","itemName":"","isOptional":false,"rewardItemMax":"","sendAlert":false,"rewardMoneyMax":"","propHeading":"0.00","requiredWeapons":[],"rewardMoneyType":"","doorPosition":"150.29, -1047.63, 29.67","items":[],"stepName":"hackable door","rewardItemMin":"","rewardItemName":"","rewardItemQuantity":"","rewardMoney":false,"rewardItems":[],"removeXpOnHit":false,"rewardDelayTime":"","xpRewardAmount":"0","triggersBlackout":false,"hackType":"colorhack","xpNeededAmount":"0","guards":[],"penaltyForFailing":false,"animation":"11","type":"hackable_door","requireSimultaneous":false}]', '{"robberyCooldown":"60","cooldownMinutes":30,"policeJobs":["police","ambulance"],"blipFlash":false,"alertSound1":"robberysound","alertCode":"10-90","blipSprite":1,"policeAlert":"Fleeca Robbery","policeRequired":"3","alertIcon":"fas fa-exclamation-triangle","cooldownHeists":["pink cage fleeca","ls customs fleeca","bahama mamas fleeca","route 68 fleeca"],"alertPriority":2,"minutesUntilRobbery":"","policeAlertHeader":"","blipColor":0}'),
	(165, 'pink cage fleeca', '[{"stepNumber":1,"quantity":"1","rewardItem":false,"unlockTimeCheckbox":false,"selectedWeapon":"","xpOptions":false,"isRequiredNextStage":false,"selectedDoorName":"","propName":"","minigameType":"","heading":"0.00","xpRemoveAmount":"0","lasers":[],"targetVector":"310.79, -278.61, 54.64","targetText":"","dropWalletWithPasscode":false,"triggersBlackout":false,"createExplosion":false,"pedCoords":"310.70, -279.29, 53.16","difficulty":"","requireWeaponInHand":false,"penaltyType":"","minigameCheckbox":false,"requiresItem":true,"delayRewardCheckbox":false,"propHeading":"0.00","xpRewardAmount":"0","rewardItemMax":"","itemName":"laptop","isOptional":false,"rewardItemMin":"","sendAlert":true,"rewardMoneyMax":"1","unlockTime":"","requiredWeapons":[],"lootableItems":[],"rewardItemName":"","items":[{"itemQuantity":1,"itemName":"laptop","loseChance":1}],"stepName":"robabble object","rewardItemQuantity":"","rewardMoneyType":"cash","rewardMoney":false,"rewardMoneyMin":"1","rewardItems":[],"penaltyChance":"","rewardDelayTime":"1","guards":[],"penaltyForFailing":false,"hackType":"memorygame","xpNeededAmount":"0","type":"robabble_object","blackoutDuration":"1","animation":"1","removeXpOnHit":false,"requireSimultaneous":false},{"stepNumber":2,"quantity":"1","rewardItem":false,"unlockTimeCheckbox":false,"selectedWeapon":"","xpOptions":false,"isRequiredNextStage":true,"selectedDoorName":"","propName":"","minigameType":"","heading":"0.00","xpRemoveAmount":"0","lasers":[],"targetVector":"312.12, -279.15, 54.67","targetText":"","dropWalletWithPasscode":false,"triggersBlackout":false,"createExplosion":false,"pedCoords":"311.86, -279.69, 53.16","difficulty":"","requireWeaponInHand":false,"penaltyType":"","minigameCheckbox":false,"requiresItem":true,"delayRewardCheckbox":false,"propHeading":"0.00","xpRewardAmount":"0","rewardItemMax":"","itemName":"laptop","isOptional":false,"rewardItemMin":"","sendAlert":false,"rewardMoneyMax":"1","unlockTime":"","requiredWeapons":[],"lootableItems":[],"rewardItemName":"","items":[{"itemQuantity":1,"itemName":"laptop","loseChance":1}],"stepName":"robabble object (Copy 1)","rewardItemQuantity":"","rewardMoneyType":"cash","rewardMoney":false,"rewardMoneyMin":"1","rewardItems":[],"penaltyChance":"","rewardDelayTime":"1","guards":[],"penaltyForFailing":false,"hackType":"memorygame","xpNeededAmount":"0","type":"robabble_object","blackoutDuration":"1","animation":"1","removeXpOnHit":false,"requireSimultaneous":false},{"stepNumber":3,"quantity":"1","rewardItem":false,"unlockTimeCheckbox":false,"selectedWeapon":"","xpOptions":false,"isRequiredNextStage":true,"selectedDoorName":"","propName":"","minigameType":"","heading":"0.00","xpRemoveAmount":"0","lasers":[],"targetVector":"313.65, -279.65, 54.70","targetText":"","dropWalletWithPasscode":false,"triggersBlackout":false,"createExplosion":false,"pedCoords":"313.41, -280.20, 53.16","difficulty":"","requireWeaponInHand":false,"penaltyType":"","minigameCheckbox":false,"requiresItem":true,"delayRewardCheckbox":false,"propHeading":"0.00","xpRewardAmount":"0","rewardItemMax":"","itemName":"laptop","isOptional":false,"rewardItemMin":"","sendAlert":false,"rewardMoneyMax":"1","unlockTime":"","requiredWeapons":[],"lootableItems":[],"rewardItemName":"","items":[{"itemQuantity":1,"itemName":"laptop","loseChance":1}],"stepName":"robabble object (Copy 1) (Copy 1)","rewardItemQuantity":"","rewardMoneyType":"cash","rewardMoney":false,"rewardMoneyMin":"1","rewardItems":[],"penaltyChance":"","rewardDelayTime":"1","guards":[],"penaltyForFailing":false,"hackType":"memorygame","xpNeededAmount":"0","type":"robabble_object","blackoutDuration":"1","animation":"1","removeXpOnHit":false,"requireSimultaneous":false},{"stepNumber":4,"quantity":"1","rewardItem":false,"unlockTimeCheckbox":false,"selectedWeapon":"","xpOptions":false,"isRequiredNextStage":true,"selectedDoorName":"","propName":"","minigameType":"","heading":"0.00","xpRemoveAmount":"0","lasers":[],"targetVector":"314.99, -280.23, 54.70","targetText":"","dropWalletWithPasscode":false,"triggersBlackout":false,"createExplosion":false,"pedCoords":"314.90, -280.84, 53.16","difficulty":"","requireWeaponInHand":false,"penaltyType":"","minigameCheckbox":false,"requiresItem":true,"delayRewardCheckbox":false,"propHeading":"0.00","xpRewardAmount":"0","rewardItemMax":"","itemName":"laptop","isOptional":false,"rewardItemMin":"","sendAlert":false,"rewardMoneyMax":"1","unlockTime":"","requiredWeapons":[],"lootableItems":[],"rewardItemName":"","items":[{"itemQuantity":1,"itemName":"laptop","loseChance":1}],"stepName":"robabble object (Copy 1) (Copy 1) (Copy 1)","rewardItemQuantity":"","rewardMoneyType":"cash","rewardMoney":false,"rewardMoneyMin":"1","rewardItems":[],"penaltyChance":"","rewardDelayTime":"1","guards":[],"penaltyForFailing":false,"hackType":"memorygame","xpNeededAmount":"0","type":"robabble_object","blackoutDuration":"1","animation":"1","removeXpOnHit":false,"requireSimultaneous":false},{"stepNumber":5,"penaltyChance":"100","rewardItem":false,"unlockTimeCheckbox":true,"doorId":"1000","selectedWeapon":"","xpOptions":false,"isRequiredNextStage":true,"selectedDoorName":"fleeca legion bank vault","propName":"","minigameType":"","heading":"264.00","xpRemoveAmount":"0","lasers":[],"targetVector":"147.19, -1046.21, 29.64","targetText":"","dropWalletWithPasscode":false,"quantity":"1","rewardMoneyMin":"","createExplosion":false,"pedCoords":"146.57, -1046.07, 28.37","difficulty":"","requireWeaponInHand":false,"minigameCheckbox":false,"lootableItems":[],"requiresItem":true,"delayRewardCheckbox":false,"blackoutDuration":"1","penaltyType":"","unlockTime":"300","itemName":"laptop","isOptional":false,"rewardItemMax":"","sendAlert":false,"rewardMoneyMax":"","propHeading":"0.00","requiredWeapons":[],"rewardMoneyType":"","doorPosition":"148.03, -1044.36, 29.51","items":[{"itemQuantity":1,"itemName":"laptop","loseChance":50},{"itemQuantity":1,"itemName":"fleecadevice","loseChance":100}],"stepName":"hackable door","rewardItemMin":"","rewardItemName":"","rewardItemQuantity":"","rewardMoney":false,"rewardItems":[],"removeXpOnHit":false,"rewardDelayTime":"","xpRewardAmount":"0","triggersBlackout":false,"hackType":"colorhack","xpNeededAmount":"0","guards":[],"penaltyForFailing":false,"animation":"11","type":"hackable_door","requireSimultaneous":false},{"stepNumber":6,"quantity":"","rewardItem":true,"unlockTimeCheckbox":false,"selectedWeapon":"","xpOptions":false,"isRequiredNextStage":false,"selectedDoorName":"","propName":"ch_prop_cash_low_trolly_01a","minigameType":"","heading":"114.00","xpRemoveAmount":"0","lasers":[],"targetVector":"315.02, -283.93, 53.14","targetText":"","dropWalletWithPasscode":false,"triggersBlackout":false,"createExplosion":false,"pedCoords":"315.02, -283.93, 53.14","difficulty":"","requireWeaponInHand":false,"penaltyType":"","minigameCheckbox":false,"requiresItem":false,"delayRewardCheckbox":false,"propHeading":"114.00","xpRewardAmount":"0","rewardItemMax":"9","itemName":"","isOptional":false,"rewardItemMin":"7","sendAlert":false,"rewardMoneyMax":"1","unlockTime":"","requiredWeapons":[],"lootableItems":[],"rewardItemName":"markedbills","items":[],"stepName":"robabble object","rewardItemQuantity":"","rewardMoneyType":"cash","rewardMoney":false,"rewardMoneyMin":"1","rewardItems":[{"minAmount":7,"itemName":"markedbills","maxAmount":9,"rewardChance":100},{"minAmount":8,"itemName":"stackofcash","maxAmount":12,"rewardChance":100}],"penaltyChance":"","rewardDelayTime":"1","guards":[],"penaltyForFailing":false,"hackType":"none","xpNeededAmount":"0","type":"robabble_object","blackoutDuration":"1","animation":"ch_prop_cash_low_trolly_01a","removeXpOnHit":false,"requireSimultaneous":false},{"stepNumber":7,"quantity":"","rewardItem":true,"unlockTimeCheckbox":false,"selectedWeapon":"","xpOptions":false,"isRequiredNextStage":false,"selectedDoorName":"","propName":"ch_prop_cash_low_trolly_01a","minigameType":"","heading":"32.00","xpRemoveAmount":"0","lasers":[],"targetVector":"314.28, -289.10, 53.14","targetText":"","dropWalletWithPasscode":false,"triggersBlackout":false,"createExplosion":false,"pedCoords":"314.28, -289.10, 53.14","difficulty":"","requireWeaponInHand":false,"penaltyType":"","minigameCheckbox":false,"requiresItem":false,"delayRewardCheckbox":false,"propHeading":"32.00","xpRewardAmount":"0","rewardItemMax":"9","itemName":"","isOptional":false,"rewardItemMin":"7","sendAlert":false,"rewardMoneyMax":"1","unlockTime":"","requiredWeapons":[],"lootableItems":[],"rewardItemName":"markedbills","items":[],"stepName":"robabble object (Copy 2)","rewardItemQuantity":"","rewardMoneyType":"cash","rewardMoney":false,"rewardMoneyMin":"1","rewardItems":[{"minAmount":7,"itemName":"markedbills","maxAmount":9,"rewardChance":100},{"minAmount":8,"itemName":"stackofcash","maxAmount":12,"rewardChance":100}],"penaltyChance":"","rewardDelayTime":"1","guards":[],"penaltyForFailing":false,"hackType":"none","xpNeededAmount":"0","type":"robabble_object","blackoutDuration":"1","animation":"ch_prop_cash_low_trolly_01a","removeXpOnHit":false,"requireSimultaneous":false},{"stepNumber":8,"quantity":"","rewardItem":true,"unlockTimeCheckbox":false,"selectedWeapon":"","xpOptions":false,"isRequiredNextStage":false,"selectedDoorName":"","propName":"ch_prop_cash_low_trolly_01a","minigameType":"","heading":"292.00","xpRemoveAmount":"0","lasers":[],"targetVector":"311.22, -288.13, 53.14","targetText":"","dropWalletWithPasscode":false,"triggersBlackout":false,"createExplosion":false,"pedCoords":"311.22, -288.13, 53.14","difficulty":"","requireWeaponInHand":false,"penaltyType":"","minigameCheckbox":false,"requiresItem":false,"delayRewardCheckbox":false,"propHeading":"292.00","xpRewardAmount":"0","rewardItemMax":"9","itemName":"","isOptional":false,"rewardItemMin":"7","sendAlert":false,"rewardMoneyMax":"1","unlockTime":"","requiredWeapons":[],"lootableItems":[],"rewardItemName":"markedbills","items":[],"stepName":"robabble object (Copy 2) (Copy 1)","rewardItemQuantity":"","rewardMoneyType":"cash","rewardMoney":false,"rewardMoneyMin":"1","rewardItems":[{"minAmount":7,"itemName":"markedbills","maxAmount":9,"rewardChance":100},{"minAmount":8,"itemName":"stackofcash","maxAmount":12,"rewardChance":100}],"penaltyChance":"","rewardDelayTime":"1","guards":[],"penaltyForFailing":false,"hackType":"none","xpNeededAmount":"0","type":"robabble_object","blackoutDuration":"1","animation":"ch_prop_cash_low_trolly_01a","removeXpOnHit":false,"requireSimultaneous":false},{"stepNumber":9,"quantity":"","rewardItem":true,"unlockTimeCheckbox":false,"selectedWeapon":"","xpOptions":false,"isRequiredNextStage":false,"selectedDoorName":"","propName":"","minigameType":"","heading":"152.00","xpRemoveAmount":"0","lasers":[],"targetVector":"312.96, -287.50, 53.99","targetText":"","dropWalletWithPasscode":false,"triggersBlackout":false,"createExplosion":false,"pedCoords":"313.01, -286.71, 53.14","difficulty":"","requireWeaponInHand":false,"penaltyType":"","minigameCheckbox":false,"requiresItem":false,"delayRewardCheckbox":false,"propHeading":"0.00","xpRewardAmount":"0","rewardItemMax":"9","itemName":"","isOptional":false,"rewardItemMin":"7","sendAlert":false,"rewardMoneyMax":"1","unlockTime":"","requiredWeapons":[],"lootableItems":[],"rewardItemName":"markedbills","items":[],"stepName":"robabble object (Copy 2) (Copy 1) (Copy 1)","rewardItemQuantity":"","rewardMoneyType":"cash","rewardMoney":false,"rewardMoneyMin":"1","rewardItems":[{"minAmount":7,"itemName":"markedbills","maxAmount":9,"rewardChance":100},{"minAmount":8,"itemName":"stackofcash","maxAmount":12,"rewardChance":100},{"minAmount":1,"itemName":"paletodevice","maxAmount":1,"rewardChance":25}],"penaltyChance":"","rewardDelayTime":"1","guards":[],"penaltyForFailing":false,"hackType":"none","xpNeededAmount":"0","type":"robabble_object","blackoutDuration":"1","animation":"15","removeXpOnHit":false,"requireSimultaneous":false},{"stepNumber":10,"penaltyChance":"100","rewardItem":false,"unlockTimeCheckbox":false,"doorId":"1005","selectedWeapon":"","xpOptions":false,"isRequiredNextStage":false,"selectedDoorName":"bank fleeca gate above pillbox","propName":"","minigameType":"","heading":"151.00","xpRemoveAmount":"0","lasers":[],"targetVector":"312.83, -284.91, 54.32","targetText":"","dropWalletWithPasscode":false,"quantity":"","rewardMoneyMin":"","createExplosion":false,"pedCoords":"313.01, -284.56, 53.14","difficulty":"","requireWeaponInHand":false,"minigameCheckbox":false,"lootableItems":[],"requiresItem":false,"delayRewardCheckbox":false,"blackoutDuration":"1","penaltyType":"","unlockTime":"1","itemName":"","isOptional":false,"rewardItemMax":"","sendAlert":false,"rewardMoneyMax":"","propHeading":"0.00","requiredWeapons":[],"rewardMoneyType":"","doorPosition":"314.62, -285.99, 54.46","items":[],"stepName":"hackable door","rewardItemMin":"","rewardItemName":"","rewardItemQuantity":"","rewardMoney":false,"rewardItems":[],"removeXpOnHit":false,"rewardDelayTime":"","xpRewardAmount":"0","triggersBlackout":false,"hackType":"colorhack","xpNeededAmount":"0","guards":[],"penaltyForFailing":false,"animation":"11","type":"hackable_door","requireSimultaneous":false}]', '{"robberyCooldown":"60","cooldownMinutes":30,"policeJobs":[],"blipFlash":false,"alertSound1":"Lose_1st","cooldownHeists":["fleeca heist","ls customs fleeca","bahama mamas fleeca","chumash fleeca","route 68 fleeca"],"policeAlert":"Fleeca Robbery","policeRequired":"3","alertIcon":"fas fa-question","blipColor":0,"alertPriority":2,"blipSprite":1,"policeAlertHeader":"","minutesUntilRobbery":""}'),
	(173, 'ls customs fleeca', '[{"stepNumber":1,"quantity":"1","rewardItem":false,"unlockTimeCheckbox":false,"selectedWeapon":"","xpOptions":false,"isRequiredNextStage":false,"selectedDoorName":"","propName":"","minigameType":"","heading":"0.00","xpRemoveAmount":"0","lasers":[],"targetVector":"-354.32, -49.48, 49.54","targetText":"","dropWalletWithPasscode":false,"triggersBlackout":false,"createExplosion":false,"pedCoords":"-354.31, -50.10, 48.04","difficulty":"","requireWeaponInHand":false,"penaltyType":"","minigameCheckbox":false,"requiresItem":true,"delayRewardCheckbox":false,"propHeading":"0.00","xpRewardAmount":"0","rewardItemMax":"","itemName":"laptop","isOptional":false,"rewardItemMin":"","sendAlert":true,"rewardMoneyMax":"1","unlockTime":"","requiredWeapons":[],"lootableItems":[],"rewardItemName":"","items":[{"itemQuantity":1,"itemName":"laptop","loseChance":1}],"stepName":"robabble object","rewardItemQuantity":"","rewardMoneyType":"cash","rewardMoney":false,"rewardMoneyMin":"1","rewardItems":[],"penaltyChance":"","rewardDelayTime":"1","guards":[],"penaltyForFailing":false,"hackType":"memorygame","xpNeededAmount":"0","type":"robabble_object","blackoutDuration":"1","animation":"1","removeXpOnHit":false,"requireSimultaneous":false},{"stepNumber":2,"quantity":"1","rewardItem":false,"unlockTimeCheckbox":false,"selectedWeapon":"","xpOptions":false,"isRequiredNextStage":true,"selectedDoorName":"","propName":"","minigameType":"","heading":"0.00","xpRemoveAmount":"0","lasers":[],"targetVector":"-353.05, -50.00, 49.58","targetText":"","dropWalletWithPasscode":false,"triggersBlackout":false,"createExplosion":false,"pedCoords":"-353.26, -50.60, 48.04","difficulty":"","requireWeaponInHand":false,"penaltyType":"","minigameCheckbox":false,"requiresItem":true,"delayRewardCheckbox":false,"propHeading":"0.00","xpRewardAmount":"0","rewardItemMax":"","itemName":"laptop","isOptional":false,"rewardItemMin":"","sendAlert":false,"rewardMoneyMax":"1","unlockTime":"","requiredWeapons":[],"lootableItems":[],"rewardItemName":"","items":[{"itemQuantity":1,"itemName":"laptop","loseChance":1}],"stepName":"robabble object (Copy 1)","rewardItemQuantity":"","rewardMoneyType":"cash","rewardMoney":false,"rewardMoneyMin":"1","rewardItems":[],"penaltyChance":"","rewardDelayTime":"1","guards":[],"penaltyForFailing":false,"hackType":"memorygame","xpNeededAmount":"0","type":"robabble_object","blackoutDuration":"1","animation":"1","removeXpOnHit":false,"requireSimultaneous":false},{"stepNumber":3,"quantity":"1","rewardItem":false,"unlockTimeCheckbox":false,"selectedWeapon":"","xpOptions":false,"isRequiredNextStage":true,"selectedDoorName":"","propName":"","minigameType":"","heading":"0.00","xpRemoveAmount":"0","lasers":[],"targetVector":"-351.55, -50.47, 49.55","targetText":"","dropWalletWithPasscode":false,"triggersBlackout":false,"createExplosion":false,"pedCoords":"-351.74, -50.98, 48.04","difficulty":"","requireWeaponInHand":false,"penaltyType":"","minigameCheckbox":false,"requiresItem":true,"delayRewardCheckbox":false,"propHeading":"0.00","xpRewardAmount":"0","rewardItemMax":"","itemName":"laptop","isOptional":false,"rewardItemMin":"","sendAlert":false,"rewardMoneyMax":"1","unlockTime":"","requiredWeapons":[],"lootableItems":[],"rewardItemName":"","items":[{"itemQuantity":1,"itemName":"laptop","loseChance":1}],"stepName":"robabble object (Copy 1) (Copy 1)","rewardItemQuantity":"","rewardMoneyType":"cash","rewardMoney":false,"rewardMoneyMin":"1","rewardItems":[],"penaltyChance":"","rewardDelayTime":"1","guards":[],"penaltyForFailing":false,"hackType":"memorygame","xpNeededAmount":"0","type":"robabble_object","blackoutDuration":"1","animation":"1","removeXpOnHit":false,"requireSimultaneous":false},{"stepNumber":4,"quantity":"1","rewardItem":false,"unlockTimeCheckbox":false,"selectedWeapon":"","xpOptions":false,"isRequiredNextStage":true,"selectedDoorName":"","propName":"","minigameType":"","heading":"0.00","xpRemoveAmount":"0","lasers":[],"targetVector":"-350.18, -51.01, 49.58","targetText":"","dropWalletWithPasscode":false,"triggersBlackout":false,"createExplosion":false,"pedCoords":"-350.27, -51.50, 48.04","difficulty":"","requireWeaponInHand":false,"penaltyType":"","minigameCheckbox":false,"requiresItem":true,"delayRewardCheckbox":false,"propHeading":"0.00","xpRewardAmount":"0","rewardItemMax":"","itemName":"laptop","isOptional":false,"rewardItemMin":"","sendAlert":false,"rewardMoneyMax":"1","unlockTime":"","requiredWeapons":[],"lootableItems":[],"rewardItemName":"","items":[{"itemQuantity":1,"itemName":"laptop","loseChance":1}],"stepName":"robabble object (Copy 1) (Copy 1) (Copy 1)","rewardItemQuantity":"","rewardMoneyType":"cash","rewardMoney":false,"rewardMoneyMin":"1","rewardItems":[],"penaltyChance":"","rewardDelayTime":"1","guards":[],"penaltyForFailing":false,"hackType":"memorygame","xpNeededAmount":"0","type":"robabble_object","blackoutDuration":"1","animation":"1","removeXpOnHit":false,"requireSimultaneous":false},{"stepNumber":5,"penaltyChance":"100","rewardItem":false,"unlockTimeCheckbox":true,"doorId":"1006","selectedWeapon":"","xpOptions":false,"isRequiredNextStage":true,"selectedDoorName":"bank fleeca vault ls customs","propName":"","minigameType":"","heading":"245.00","xpRemoveAmount":"0","lasers":[],"targetVector":"-353.55, -55.46, 49.22","targetText":"","dropWalletWithPasscode":false,"quantity":"1","rewardMoneyMin":"","createExplosion":false,"pedCoords":"-353.88, -55.25, 48.04","difficulty":"","requireWeaponInHand":false,"minigameCheckbox":false,"lootableItems":[],"requiresItem":true,"delayRewardCheckbox":false,"blackoutDuration":"1","penaltyType":"","unlockTime":"300","itemName":"adv_laptop","isOptional":false,"rewardItemMax":"","sendAlert":false,"rewardMoneyMax":"","propHeading":"0.00","requiredWeapons":[],"rewardMoneyType":"","doorPosition":"-352.74, -53.57, 49.18","items":[{"itemQuantity":1,"itemName":"adv_laptop","loseChance":50},{"itemQuantity":1,"itemName":"fleecadevice","loseChance":100}],"stepName":"hackable door","rewardItemMin":"","rewardItemName":"","rewardItemQuantity":"","rewardMoney":false,"rewardItems":[],"removeXpOnHit":false,"rewardDelayTime":"","xpRewardAmount":"0","triggersBlackout":false,"hackType":"colorhack","xpNeededAmount":"0","guards":[],"penaltyForFailing":false,"animation":"11","type":"hackable_door","requireSimultaneous":false},{"stepNumber":6,"quantity":"","rewardItem":true,"unlockTimeCheckbox":false,"selectedWeapon":"","xpOptions":false,"isRequiredNextStage":false,"selectedDoorName":"","propName":"ch_prop_cash_low_trolly_01a","minigameType":"","heading":"118.00","xpRemoveAmount":"0","lasers":[],"targetVector":"-349.99, -54.76, 48.01","targetText":"","dropWalletWithPasscode":false,"triggersBlackout":false,"createExplosion":false,"pedCoords":"-349.99, -54.76, 48.01","difficulty":"","requireWeaponInHand":false,"penaltyType":"","minigameCheckbox":false,"requiresItem":false,"delayRewardCheckbox":false,"propHeading":"118.00","xpRewardAmount":"0","rewardItemMax":"9","itemName":"","isOptional":false,"rewardItemMin":"7","sendAlert":false,"rewardMoneyMax":"1","unlockTime":"","requiredWeapons":[],"lootableItems":[],"rewardItemName":"markedbills","items":[],"stepName":"robabble object","rewardItemQuantity":"","rewardMoneyType":"cash","rewardMoney":false,"rewardMoneyMin":"1","rewardItems":[{"minAmount":7,"itemName":"markedbills","maxAmount":9,"rewardChance":100},{"minAmount":8,"itemName":"stackofcash","maxAmount":12,"rewardChance":100}],"penaltyChance":"","rewardDelayTime":"1","guards":[],"penaltyForFailing":false,"hackType":"none","xpNeededAmount":"0","type":"robabble_object","blackoutDuration":"1","animation":"ch_prop_cash_low_trolly_01a","removeXpOnHit":false,"requireSimultaneous":false},{"stepNumber":7,"quantity":"","rewardItem":true,"unlockTimeCheckbox":false,"selectedWeapon":"","xpOptions":false,"isRequiredNextStage":false,"selectedDoorName":"","propName":"ch_prop_cash_low_trolly_01a","minigameType":"","heading":"0.00","xpRemoveAmount":"0","lasers":[],"targetVector":"-350.72, -59.65, 48.01","targetText":"","dropWalletWithPasscode":false,"triggersBlackout":false,"createExplosion":false,"pedCoords":"-350.72, -59.65, 48.01","difficulty":"","requireWeaponInHand":false,"penaltyType":"","minigameCheckbox":false,"requiresItem":false,"delayRewardCheckbox":false,"propHeading":"0.00","xpRewardAmount":"0","rewardItemMax":"9","itemName":"","isOptional":false,"rewardItemMin":"7","sendAlert":false,"rewardMoneyMax":"1","unlockTime":"","requiredWeapons":[],"lootableItems":[],"rewardItemName":"markedbills","items":[],"stepName":"robabble object (Copy 2)","rewardItemQuantity":"","rewardMoneyType":"cash","rewardMoney":false,"rewardMoneyMin":"1","rewardItems":[{"minAmount":7,"itemName":"markedbills","maxAmount":9,"rewardChance":100},{"minAmount":8,"itemName":"stackofcash","maxAmount":12,"rewardChance":100}],"penaltyChance":"","rewardDelayTime":"1","guards":[],"penaltyForFailing":false,"hackType":"none","xpNeededAmount":"0","type":"robabble_object","blackoutDuration":"1","animation":"ch_prop_cash_low_trolly_01a","removeXpOnHit":false,"requireSimultaneous":false},{"stepNumber":8,"quantity":"","rewardItem":true,"unlockTimeCheckbox":false,"selectedWeapon":"","xpOptions":false,"isRequiredNextStage":false,"selectedDoorName":"","propName":"ch_prop_cash_low_trolly_01a","minigameType":"","heading":"290.00","xpRemoveAmount":"0","lasers":[],"targetVector":"-353.91, -59.04, 48.01","targetText":"","dropWalletWithPasscode":false,"triggersBlackout":false,"createExplosion":false,"pedCoords":"-353.91, -59.04, 48.01","difficulty":"","requireWeaponInHand":false,"penaltyType":"","minigameCheckbox":false,"requiresItem":false,"delayRewardCheckbox":false,"propHeading":"290.00","xpRewardAmount":"0","rewardItemMax":"9","itemName":"","isOptional":false,"rewardItemMin":"7","sendAlert":false,"rewardMoneyMax":"1","unlockTime":"","requiredWeapons":[],"lootableItems":[],"rewardItemName":"markedbills","items":[],"stepName":"robabble object (Copy 2) (Copy 1)","rewardItemQuantity":"","rewardMoneyType":"cash","rewardMoney":false,"rewardMoneyMin":"1","rewardItems":[{"minAmount":7,"itemName":"markedbills","maxAmount":9,"rewardChance":100},{"minAmount":8,"itemName":"stackofcash","maxAmount":12,"rewardChance":100}],"penaltyChance":"","rewardDelayTime":"1","guards":[],"penaltyForFailing":false,"hackType":"none","xpNeededAmount":"0","type":"robabble_object","blackoutDuration":"1","animation":"ch_prop_cash_low_trolly_01a","removeXpOnHit":false,"requireSimultaneous":false},{"stepNumber":9,"quantity":"","rewardItem":true,"unlockTimeCheckbox":false,"selectedWeapon":"","xpOptions":false,"isRequiredNextStage":false,"selectedDoorName":"","propName":"","minigameType":"","heading":"164.00","xpRemoveAmount":"0","lasers":[],"targetVector":"-352.18, -58.40, 48.86","targetText":"","dropWalletWithPasscode":false,"triggersBlackout":false,"createExplosion":false,"pedCoords":"-352.12, -57.77, 48.01","difficulty":"","requireWeaponInHand":false,"penaltyType":"","minigameCheckbox":false,"requiresItem":false,"delayRewardCheckbox":false,"propHeading":"0.00","xpRewardAmount":"0","rewardItemMax":"9","itemName":"","isOptional":false,"rewardItemMin":"7","sendAlert":false,"rewardMoneyMax":"1","unlockTime":"","requiredWeapons":[],"lootableItems":[],"rewardItemName":"markedbills","items":[],"stepName":"robabble object (Copy 2) (Copy 1) (Copy 1)","rewardItemQuantity":"","rewardMoneyType":"cash","rewardMoney":false,"rewardMoneyMin":"1","rewardItems":[{"minAmount":7,"itemName":"markedbills","maxAmount":9,"rewardChance":100},{"minAmount":8,"itemName":"stackofcash","maxAmount":12,"rewardChance":100},{"minAmount":1,"itemName":"paletodevice","maxAmount":1,"rewardChance":25}],"penaltyChance":"","rewardDelayTime":"1","guards":[],"penaltyForFailing":false,"hackType":"none","xpNeededAmount":"0","type":"robabble_object","blackoutDuration":"1","animation":"15","removeXpOnHit":false,"requireSimultaneous":false},{"stepNumber":10,"penaltyChance":"100","rewardItem":false,"unlockTimeCheckbox":false,"doorId":"1007","selectedWeapon":"","xpOptions":false,"isRequiredNextStage":false,"selectedDoorName":"bank fleeca gate ls customs","propName":"","minigameType":"","heading":"166.00","xpRemoveAmount":"0","lasers":[],"targetVector":"-352.23, -55.75, 49.25","targetText":"","dropWalletWithPasscode":false,"quantity":"","rewardMoneyMin":"","createExplosion":false,"pedCoords":"-352.02, -55.22, 48.01","difficulty":"","requireWeaponInHand":false,"minigameCheckbox":false,"lootableItems":[],"requiresItem":false,"delayRewardCheckbox":false,"blackoutDuration":"1","penaltyType":"","unlockTime":"1","itemName":"","isOptional":false,"rewardItemMax":"","sendAlert":false,"rewardMoneyMax":"","propHeading":"0.00","requiredWeapons":[],"rewardMoneyType":"","doorPosition":"-350.41, -56.80, 49.33","items":[],"stepName":"hackable door","rewardItemMin":"","rewardItemName":"","rewardItemQuantity":"","rewardMoney":false,"rewardItems":[],"removeXpOnHit":false,"rewardDelayTime":"","xpRewardAmount":"0","triggersBlackout":false,"hackType":"colorhack","xpNeededAmount":"0","guards":[],"penaltyForFailing":false,"animation":"11","type":"hackable_door","requireSimultaneous":false}]', '{"robberyCooldown":"60","cooldownMinutes":30,"policeJobs":[],"blipFlash":false,"alertSound1":"Lose_1st","cooldownHeists":["fleeca heist","pink cage fleeca","bahama mamas fleeca","chumash fleeca","route 68 fleeca"],"policeAlert":"Fleeca Robbery","policeRequired":"3","alertIcon":"fas fa-question","blipColor":0,"alertPriority":2,"blipSprite":1,"policeAlertHeader":"","minutesUntilRobbery":""}'),
	(178, 'bahama mamas fleeca', '[{"stepNumber":1,"quantity":"1","rewardItem":false,"unlockTimeCheckbox":false,"selectedWeapon":"","xpOptions":false,"isRequiredNextStage":false,"selectedDoorName":"","propName":"","minigameType":"","heading":"0.00","xpRemoveAmount":"0","lasers":[],"targetVector":"-1215.35, -332.91, 38.29","targetText":"","dropWalletWithPasscode":false,"triggersBlackout":false,"createExplosion":false,"pedCoords":"-1214.87, -333.33, 36.78","difficulty":"","requireWeaponInHand":false,"penaltyType":"","minigameCheckbox":false,"requiresItem":true,"delayRewardCheckbox":false,"propHeading":"0.00","xpRewardAmount":"0","rewardItemMax":"","itemName":"laptop","isOptional":false,"rewardItemMin":"","sendAlert":true,"rewardMoneyMax":"1","unlockTime":"","requiredWeapons":[],"lootableItems":[],"rewardItemName":"","items":[{"itemQuantity":1,"itemName":"laptop","loseChance":1}],"stepName":"robabble object","rewardItemQuantity":"","rewardMoneyType":"cash","rewardMoney":false,"rewardMoneyMin":"1","rewardItems":[],"penaltyChance":"","rewardDelayTime":"1","guards":[],"penaltyForFailing":false,"hackType":"memorygame","xpNeededAmount":"0","type":"robabble_object","blackoutDuration":"1","animation":"1","removeXpOnHit":false,"requireSimultaneous":false},{"stepNumber":2,"quantity":"1","rewardItem":false,"unlockTimeCheckbox":false,"selectedWeapon":"","xpOptions":false,"isRequiredNextStage":true,"selectedDoorName":"","propName":"","minigameType":"","heading":"0.00","xpRemoveAmount":"0","lasers":[],"targetVector":"-1214.06, -332.31, 38.32","targetText":"","dropWalletWithPasscode":false,"triggersBlackout":false,"createExplosion":false,"pedCoords":"-1213.94, -333.02, 36.78","difficulty":"","requireWeaponInHand":false,"penaltyType":"","minigameCheckbox":false,"requiresItem":true,"delayRewardCheckbox":false,"propHeading":"0.00","xpRewardAmount":"0","rewardItemMax":"","itemName":"laptop","isOptional":false,"rewardItemMin":"","sendAlert":false,"rewardMoneyMax":"1","unlockTime":"","requiredWeapons":[],"lootableItems":[],"rewardItemName":"","items":[{"itemQuantity":1,"itemName":"laptop","loseChance":1}],"stepName":"robabble object (Copy 1)","rewardItemQuantity":"","rewardMoneyType":"cash","rewardMoney":false,"rewardMoneyMin":"1","rewardItems":[],"penaltyChance":"","rewardDelayTime":"1","guards":[],"penaltyForFailing":false,"hackType":"memorygame","xpNeededAmount":"0","type":"robabble_object","blackoutDuration":"1","animation":"1","removeXpOnHit":false,"requireSimultaneous":false},{"stepNumber":3,"quantity":"1","rewardItem":false,"unlockTimeCheckbox":false,"selectedWeapon":"","xpOptions":false,"isRequiredNextStage":true,"selectedDoorName":"","propName":"","minigameType":"","heading":"0.00","xpRemoveAmount":"0","lasers":[],"targetVector":"-1212.64, -331.52, 38.30","targetText":"","dropWalletWithPasscode":false,"triggersBlackout":false,"createExplosion":false,"pedCoords":"-1212.46, -332.25, 36.78","difficulty":"","requireWeaponInHand":false,"penaltyType":"","minigameCheckbox":false,"requiresItem":true,"delayRewardCheckbox":false,"propHeading":"0.00","xpRewardAmount":"0","rewardItemMax":"","itemName":"laptop","isOptional":false,"rewardItemMin":"","sendAlert":false,"rewardMoneyMax":"1","unlockTime":"","requiredWeapons":[],"lootableItems":[],"rewardItemName":"","items":[{"itemQuantity":1,"itemName":"laptop","loseChance":1}],"stepName":"robabble object (Copy 1) (Copy 1)","rewardItemQuantity":"","rewardMoneyType":"cash","rewardMoney":false,"rewardMoneyMin":"1","rewardItems":[],"penaltyChance":"","rewardDelayTime":"1","guards":[],"penaltyForFailing":false,"hackType":"memorygame","xpNeededAmount":"0","type":"robabble_object","blackoutDuration":"1","animation":"1","removeXpOnHit":false,"requireSimultaneous":false},{"stepNumber":4,"quantity":"1","rewardItem":false,"unlockTimeCheckbox":false,"selectedWeapon":"","xpOptions":false,"isRequiredNextStage":true,"selectedDoorName":"","propName":"","minigameType":"","heading":"0.00","xpRemoveAmount":"0","lasers":[],"targetVector":"-1211.31, -330.93, 38.30","targetText":"","dropWalletWithPasscode":false,"triggersBlackout":false,"createExplosion":false,"pedCoords":"-1211.04, -331.51, 36.78","difficulty":"","requireWeaponInHand":false,"penaltyType":"","minigameCheckbox":false,"requiresItem":true,"delayRewardCheckbox":false,"propHeading":"0.00","xpRewardAmount":"0","rewardItemMax":"","itemName":"laptop","isOptional":false,"rewardItemMin":"","sendAlert":false,"rewardMoneyMax":"1","unlockTime":"","requiredWeapons":[],"lootableItems":[],"rewardItemName":"","items":[{"itemQuantity":1,"itemName":"laptop","loseChance":1}],"stepName":"robabble object (Copy 1) (Copy 1) (Copy 1)","rewardItemQuantity":"","rewardMoneyType":"cash","rewardMoney":false,"rewardMoneyMin":"1","rewardItems":[],"penaltyChance":"","rewardDelayTime":"1","guards":[],"penaltyForFailing":false,"hackType":"memorygame","xpNeededAmount":"0","type":"robabble_object","blackoutDuration":"1","animation":"1","removeXpOnHit":false,"requireSimultaneous":false},{"stepNumber":5,"penaltyChance":"100","rewardItem":false,"unlockTimeCheckbox":true,"doorId":"1008","selectedWeapon":"","xpOptions":false,"isRequiredNextStage":true,"selectedDoorName":"bank fleeca vault life invader","propName":"","minigameType":"","heading":"284.00","xpRemoveAmount":"0","lasers":[],"targetVector":"-1210.46, -336.48, 37.92","targetText":"","dropWalletWithPasscode":false,"quantity":"1","rewardMoneyMin":"","createExplosion":false,"pedCoords":"-1211.14, -336.59, 36.78","difficulty":"","requireWeaponInHand":false,"minigameCheckbox":false,"lootableItems":[],"requiresItem":true,"delayRewardCheckbox":false,"blackoutDuration":"1","penaltyType":"","unlockTime":"300","itemName":"adv_laptop","isOptional":false,"rewardItemMax":"","sendAlert":false,"rewardMoneyMax":"","propHeading":"0.00","requiredWeapons":[],"rewardMoneyType":"","doorPosition":"-1211.26, -334.56, 37.92","items":[{"itemQuantity":1,"itemName":"adv_laptop","loseChance":50},{"itemQuantity":1,"itemName":"fleecadevice","loseChance":100}],"stepName":"hackable door","rewardItemMin":"","rewardItemName":"","rewardItemQuantity":"","rewardMoney":false,"rewardItems":[],"removeXpOnHit":false,"rewardDelayTime":"","xpRewardAmount":"0","triggersBlackout":false,"hackType":"colorhack","xpNeededAmount":"0","guards":[],"penaltyForFailing":false,"animation":"11","type":"hackable_door","requireSimultaneous":false},{"stepNumber":6,"quantity":"","rewardItem":true,"unlockTimeCheckbox":false,"selectedWeapon":"","xpOptions":false,"isRequiredNextStage":false,"selectedDoorName":"","propName":"ch_prop_cash_low_trolly_01a","minigameType":"","heading":"158.00","xpRemoveAmount":"0","lasers":[],"targetVector":"-1208.61, -333.45, 36.76","targetText":"","dropWalletWithPasscode":false,"triggersBlackout":false,"createExplosion":false,"pedCoords":"-1208.61, -333.45, 36.76","difficulty":"","requireWeaponInHand":false,"penaltyType":"","minigameCheckbox":false,"requiresItem":false,"delayRewardCheckbox":false,"propHeading":"158.00","xpRewardAmount":"0","rewardItemMax":"9","itemName":"","isOptional":false,"rewardItemMin":"7","sendAlert":false,"rewardMoneyMax":"1","unlockTime":"","requiredWeapons":[],"lootableItems":[],"rewardItemName":"markedbills","items":[],"stepName":"robabble object","rewardItemQuantity":"","rewardMoneyType":"cash","rewardMoney":false,"rewardMoneyMin":"1","rewardItems":[{"minAmount":7,"itemName":"markedbills","maxAmount":9,"rewardChance":100},{"minAmount":8,"itemName":"stackofcash","maxAmount":12,"rewardChance":100}],"penaltyChance":"","rewardDelayTime":"1","guards":[],"penaltyForFailing":false,"hackType":"none","xpNeededAmount":"0","type":"robabble_object","blackoutDuration":"1","animation":"ch_prop_cash_low_trolly_01a","removeXpOnHit":false,"requireSimultaneous":false},{"stepNumber":7,"quantity":"","rewardItem":true,"unlockTimeCheckbox":false,"selectedWeapon":"","xpOptions":false,"isRequiredNextStage":false,"selectedDoorName":"","propName":"ch_prop_cash_low_trolly_01a","minigameType":"","heading":"72.00","xpRemoveAmount":"0","lasers":[],"targetVector":"-1205.40, -337.35, 36.76","targetText":"","dropWalletWithPasscode":false,"triggersBlackout":false,"createExplosion":false,"pedCoords":"-1205.40, -337.35, 36.76","difficulty":"","requireWeaponInHand":false,"penaltyType":"","minigameCheckbox":false,"requiresItem":false,"delayRewardCheckbox":false,"propHeading":"72.00","xpRewardAmount":"0","rewardItemMax":"9","itemName":"","isOptional":false,"rewardItemMin":"7","sendAlert":false,"rewardMoneyMax":"1","unlockTime":"","requiredWeapons":[],"lootableItems":[],"rewardItemName":"markedbills","items":[],"stepName":"robabble object (Copy 2)","rewardItemQuantity":"","rewardMoneyType":"cash","rewardMoney":false,"rewardMoneyMin":"1","rewardItems":[{"minAmount":7,"itemName":"markedbills","maxAmount":9,"rewardChance":100},{"minAmount":8,"itemName":"stackofcash","maxAmount":12,"rewardChance":100}],"penaltyChance":"","rewardDelayTime":"1","guards":[],"penaltyForFailing":false,"hackType":"none","xpNeededAmount":"0","type":"robabble_object","blackoutDuration":"1","animation":"ch_prop_cash_low_trolly_01a","removeXpOnHit":false,"requireSimultaneous":false},{"stepNumber":8,"quantity":"","rewardItem":true,"unlockTimeCheckbox":false,"selectedWeapon":"","xpOptions":false,"isRequiredNextStage":false,"selectedDoorName":"","propName":"ch_prop_cash_low_trolly_01a","minigameType":"","heading":"338.00","xpRemoveAmount":"0","lasers":[],"targetVector":"-1208.32, -338.92, 36.76","targetText":"","dropWalletWithPasscode":false,"triggersBlackout":false,"createExplosion":false,"pedCoords":"-1208.32, -338.92, 36.76","difficulty":"","requireWeaponInHand":false,"penaltyType":"","minigameCheckbox":false,"requiresItem":false,"delayRewardCheckbox":false,"propHeading":"338.00","xpRewardAmount":"0","rewardItemMax":"9","itemName":"","isOptional":false,"rewardItemMin":"7","sendAlert":false,"rewardMoneyMax":"1","unlockTime":"","requiredWeapons":[],"lootableItems":[],"rewardItemName":"markedbills","items":[],"stepName":"robabble object (Copy 2) (Copy 1)","rewardItemQuantity":"","rewardMoneyType":"cash","rewardMoney":false,"rewardMoneyMin":"1","rewardItems":[{"minAmount":7,"itemName":"markedbills","maxAmount":9,"rewardChance":100},{"minAmount":8,"itemName":"stackofcash","maxAmount":12,"rewardChance":100}],"penaltyChance":"","rewardDelayTime":"1","guards":[],"penaltyForFailing":false,"hackType":"none","xpNeededAmount":"0","type":"robabble_object","blackoutDuration":"1","animation":"ch_prop_cash_low_trolly_01a","removeXpOnHit":false,"requireSimultaneous":false},{"stepNumber":9,"quantity":"","rewardItem":true,"unlockTimeCheckbox":false,"selectedWeapon":"","xpOptions":false,"isRequiredNextStage":false,"selectedDoorName":"","propName":"","minigameType":"","heading":"207.00","xpRemoveAmount":"0","lasers":[],"targetVector":"-1207.40, -337.53, 37.61","targetText":"","dropWalletWithPasscode":false,"triggersBlackout":false,"createExplosion":false,"pedCoords":"-1207.85, -336.89, 36.76","difficulty":"","requireWeaponInHand":false,"penaltyType":"","minigameCheckbox":false,"requiresItem":false,"delayRewardCheckbox":false,"propHeading":"0.00","xpRewardAmount":"0","rewardItemMax":"9","itemName":"","isOptional":false,"rewardItemMin":"7","sendAlert":false,"rewardMoneyMax":"1","unlockTime":"","requiredWeapons":[],"lootableItems":[],"rewardItemName":"markedbills","items":[],"stepName":"robabble object (Copy 2) (Copy 1) (Copy 1)","rewardItemQuantity":"","rewardMoneyType":"cash","rewardMoney":false,"rewardMoneyMin":"1","rewardItems":[{"minAmount":7,"itemName":"markedbills","maxAmount":9,"rewardChance":100},{"minAmount":8,"itemName":"stackofcash","maxAmount":12,"rewardChance":100},{"minAmount":1,"itemName":"paletodevice","maxAmount":1,"rewardChance":25}],"penaltyChance":"","rewardDelayTime":"1","guards":[],"penaltyForFailing":false,"hackType":"none","xpNeededAmount":"0","type":"robabble_object","blackoutDuration":"1","animation":"15","removeXpOnHit":false,"requireSimultaneous":false},{"stepNumber":10,"penaltyChance":"100","rewardItem":false,"unlockTimeCheckbox":false,"doorId":"1009","selectedWeapon":"","xpOptions":false,"isRequiredNextStage":false,"selectedDoorName":"bank fleeca gate life invader","propName":"","minigameType":"","heading":"214.00","xpRemoveAmount":"0","lasers":[],"targetVector":"-1209.33, -335.70, 37.94","targetText":"","dropWalletWithPasscode":false,"quantity":"","rewardMoneyMin":"","createExplosion":false,"pedCoords":"-1209.69, -335.11, 36.76","difficulty":"","requireWeaponInHand":false,"minigameCheckbox":false,"lootableItems":[],"requiresItem":false,"delayRewardCheckbox":false,"blackoutDuration":"1","penaltyType":"","unlockTime":"1","itemName":"","isOptional":false,"rewardItemMax":"","sendAlert":false,"rewardMoneyMax":"","propHeading":"0.00","requiredWeapons":[],"rewardMoneyType":"","doorPosition":"-1207.33, -335.13, 38.08","items":[],"stepName":"hackable door","rewardItemMin":"","rewardItemName":"","rewardItemQuantity":"","rewardMoney":false,"rewardItems":[],"removeXpOnHit":false,"rewardDelayTime":"","xpRewardAmount":"0","triggersBlackout":false,"hackType":"colorhack","xpNeededAmount":"0","guards":[],"penaltyForFailing":false,"animation":"11","type":"hackable_door","requireSimultaneous":false}]', '{"robberyCooldown":"60","cooldownMinutes":30,"policeJobs":[],"blipFlash":false,"alertSound1":"Lose_1st","cooldownHeists":["fleeca heist","pink cage fleeca","ls customs fleeca","chumash fleeca","route 68 fleeca"],"policeAlert":"Fleeca Robbery","policeRequired":"3","alertIcon":"fas fa-question","blipColor":0,"alertPriority":2,"blipSprite":1,"policeAlertHeader":"","minutesUntilRobbery":""}'),
	(181, 'chumash fleeca', '[{"stepNumber":1,"quantity":"1","rewardItem":false,"unlockTimeCheckbox":false,"selectedWeapon":"","xpOptions":false,"isRequiredNextStage":false,"selectedDoorName":"","propName":"","minigameType":"","heading":"294.00","xpRemoveAmount":"0","lasers":[],"targetVector":"-2962.02, 480.83, 16.16","targetText":"","dropWalletWithPasscode":false,"triggersBlackout":false,"createExplosion":false,"pedCoords":"-2962.60, 479.92, 14.70","difficulty":"","requireWeaponInHand":false,"penaltyType":"","minigameCheckbox":false,"requiresItem":true,"delayRewardCheckbox":false,"propHeading":"0.00","xpRewardAmount":"0","rewardItemMax":"","itemName":"laptop","isOptional":false,"rewardItemMin":"","sendAlert":true,"rewardMoneyMax":"1","unlockTime":"","requiredWeapons":[],"lootableItems":[],"rewardItemName":"","items":[{"itemQuantity":1,"itemName":"laptop","loseChance":1}],"stepName":"robabble object","rewardItemQuantity":"","rewardMoneyType":"cash","rewardMoney":false,"rewardMoneyMin":"1","rewardItems":[],"penaltyChance":"","rewardDelayTime":"1","guards":[],"penaltyForFailing":false,"hackType":"memorygame","xpNeededAmount":"0","type":"robabble_object","blackoutDuration":"1","animation":"3","removeXpOnHit":false,"requireSimultaneous":false},{"stepNumber":2,"quantity":"1","rewardItem":false,"unlockTimeCheckbox":false,"selectedWeapon":"","xpOptions":false,"isRequiredNextStage":true,"selectedDoorName":"","propName":"","minigameType":"","heading":"282.00","xpRemoveAmount":"0","lasers":[],"targetVector":"-2962.03, 482.13, 16.15","targetText":"","dropWalletWithPasscode":false,"triggersBlackout":false,"createExplosion":false,"pedCoords":"-2962.43, 481.65, 14.71","difficulty":"","requireWeaponInHand":false,"penaltyType":"","minigameCheckbox":false,"requiresItem":true,"delayRewardCheckbox":false,"propHeading":"0.00","xpRewardAmount":"0","rewardItemMax":"","itemName":"laptop","isOptional":false,"rewardItemMin":"","sendAlert":false,"rewardMoneyMax":"1","unlockTime":"","requiredWeapons":[],"lootableItems":[],"rewardItemName":"","items":[{"itemQuantity":1,"itemName":"laptop","loseChance":1}],"stepName":"robabble object (Copy 1)","rewardItemQuantity":"","rewardMoneyType":"cash","rewardMoney":false,"rewardMoneyMin":"1","rewardItems":[],"penaltyChance":"","rewardDelayTime":"1","guards":[],"penaltyForFailing":false,"hackType":"memorygame","xpNeededAmount":"0","type":"robabble_object","blackoutDuration":"1","animation":"3","removeXpOnHit":false,"requireSimultaneous":false},{"stepNumber":3,"quantity":"1","rewardItem":false,"unlockTimeCheckbox":false,"selectedWeapon":"","xpOptions":false,"isRequiredNextStage":true,"selectedDoorName":"","propName":"","minigameType":"","heading":"281.00","xpRemoveAmount":"0","lasers":[],"targetVector":"-2962.00, 483.53, 16.14","targetText":"","dropWalletWithPasscode":false,"triggersBlackout":false,"createExplosion":false,"pedCoords":"-2962.53, 483.23, 14.71","difficulty":"","requireWeaponInHand":false,"penaltyType":"","minigameCheckbox":false,"requiresItem":true,"delayRewardCheckbox":false,"propHeading":"0.00","xpRewardAmount":"0","rewardItemMax":"","itemName":"laptop","isOptional":false,"rewardItemMin":"","sendAlert":false,"rewardMoneyMax":"1","unlockTime":"","requiredWeapons":[],"lootableItems":[],"rewardItemName":"","items":[{"itemQuantity":1,"itemName":"laptop","loseChance":1}],"stepName":"robabble object (Copy 1) (Copy 1)","rewardItemQuantity":"","rewardMoneyType":"cash","rewardMoney":false,"rewardMoneyMin":"1","rewardItems":[],"penaltyChance":"","rewardDelayTime":"1","guards":[],"penaltyForFailing":false,"hackType":"memorygame","xpNeededAmount":"0","type":"robabble_object","blackoutDuration":"1","animation":"3","removeXpOnHit":false,"requireSimultaneous":false},{"stepNumber":4,"quantity":"1","rewardItem":false,"unlockTimeCheckbox":false,"selectedWeapon":"","xpOptions":false,"isRequiredNextStage":true,"selectedDoorName":"","propName":"","minigameType":"","heading":"264.00","xpRemoveAmount":"0","lasers":[],"targetVector":"-2961.92, 485.03, 15.96","targetText":"","dropWalletWithPasscode":false,"triggersBlackout":false,"createExplosion":false,"pedCoords":"-2962.55, 484.77, 14.71","difficulty":"","requireWeaponInHand":false,"penaltyType":"","minigameCheckbox":false,"requiresItem":true,"delayRewardCheckbox":false,"propHeading":"0.00","xpRewardAmount":"0","rewardItemMax":"","itemName":"laptop","isOptional":false,"rewardItemMin":"","sendAlert":false,"rewardMoneyMax":"1","unlockTime":"","requiredWeapons":[],"lootableItems":[],"rewardItemName":"","items":[{"itemQuantity":1,"itemName":"laptop","loseChance":1}],"stepName":"robabble object (Copy 1) (Copy 1) (Copy 1)","rewardItemQuantity":"","rewardMoneyType":"cash","rewardMoney":false,"rewardMoneyMin":"1","rewardItems":[],"penaltyChance":"","rewardDelayTime":"1","guards":[],"penaltyForFailing":false,"hackType":"memorygame","xpNeededAmount":"0","type":"robabble_object","blackoutDuration":"1","animation":"3","removeXpOnHit":false,"requireSimultaneous":false},{"stepNumber":5,"penaltyChance":"100","rewardItem":false,"unlockTimeCheckbox":true,"doorId":"1010","selectedWeapon":"","xpOptions":false,"isRequiredNextStage":true,"selectedDoorName":"bank fleeca vault ocean","propName":"hei_prop_hei_securitypanel","minigameType":"","heading":"0.00","xpRemoveAmount":"0","lasers":[],"targetVector":"-2956.50, 482.06, 15.90","targetText":"","dropWalletWithPasscode":false,"quantity":"1","rewardMoneyMin":"","createExplosion":false,"pedCoords":"-2956.50, 482.06, 15.90","difficulty":"","requireWeaponInHand":false,"minigameCheckbox":false,"lootableItems":[],"requiresItem":true,"delayRewardCheckbox":false,"blackoutDuration":"1","penaltyType":"","unlockTime":"300","itemName":"adv_laptop","isOptional":false,"rewardItemMax":"","sendAlert":false,"rewardMoneyMax":"","propHeading":"357.54","requiredWeapons":[],"rewardMoneyType":"","doorPosition":"-2958.54, 482.27, 15.84","items":[{"itemQuantity":1,"itemName":"adv_laptop","loseChance":50},{"itemQuantity":1,"itemName":"fleecadevice","loseChance":100}],"stepName":"hackable door","rewardItemMin":"","rewardItemName":"","rewardItemQuantity":"","rewardMoney":false,"rewardItems":[],"removeXpOnHit":false,"rewardDelayTime":"","xpRewardAmount":"0","triggersBlackout":false,"hackType":"colorhack","xpNeededAmount":"0","guards":[],"penaltyForFailing":false,"animation":"hei_prop_hei_securitypanel","type":"hackable_door","requireSimultaneous":false},{"stepNumber":6,"quantity":"","rewardItem":true,"unlockTimeCheckbox":false,"selectedWeapon":"","xpOptions":false,"isRequiredNextStage":false,"selectedDoorName":"","propName":"ch_prop_cash_low_trolly_01a","minigameType":"","heading":"216.00","xpRemoveAmount":"0","lasers":[],"targetVector":"-2958.13, 485.20, 14.68","targetText":"","dropWalletWithPasscode":false,"triggersBlackout":false,"createExplosion":false,"pedCoords":"-2958.13, 485.20, 14.68","difficulty":"","requireWeaponInHand":false,"penaltyType":"","minigameCheckbox":false,"requiresItem":false,"delayRewardCheckbox":false,"propHeading":"216.00","xpRewardAmount":"0","rewardItemMax":"9","itemName":"","isOptional":false,"rewardItemMin":"7","sendAlert":false,"rewardMoneyMax":"1","unlockTime":"","requiredWeapons":[],"lootableItems":[],"rewardItemName":"markedbills","items":[],"stepName":"robabble object","rewardItemQuantity":"","rewardMoneyType":"cash","rewardMoney":false,"rewardMoneyMin":"1","rewardItems":[{"minAmount":7,"itemName":"markedbills","maxAmount":9,"rewardChance":100},{"minAmount":8,"itemName":"stackofcash","maxAmount":12,"rewardChance":100}],"penaltyChance":"","rewardDelayTime":"1","guards":[],"penaltyForFailing":false,"hackType":"none","xpNeededAmount":"0","type":"robabble_object","blackoutDuration":"1","animation":"ch_prop_cash_low_trolly_01a","removeXpOnHit":false,"requireSimultaneous":false},{"stepNumber":7,"quantity":"","rewardItem":true,"unlockTimeCheckbox":false,"selectedWeapon":"","xpOptions":false,"isRequiredNextStage":false,"selectedDoorName":"","propName":"ch_prop_cash_low_trolly_01a","minigameType":"","heading":"308.00","xpRemoveAmount":"0","lasers":[],"targetVector":"-2953.25, 486.06, 14.68","targetText":"","dropWalletWithPasscode":false,"triggersBlackout":false,"createExplosion":false,"pedCoords":"-2953.25, 486.06, 14.68","difficulty":"","requireWeaponInHand":false,"penaltyType":"","minigameCheckbox":false,"requiresItem":false,"delayRewardCheckbox":false,"propHeading":"308.00","xpRewardAmount":"0","rewardItemMax":"9","itemName":"","isOptional":false,"rewardItemMin":"7","sendAlert":false,"rewardMoneyMax":"1","unlockTime":"","requiredWeapons":[],"lootableItems":[],"rewardItemName":"markedbills","items":[],"stepName":"robabble object (Copy 2)","rewardItemQuantity":"","rewardMoneyType":"cash","rewardMoney":false,"rewardMoneyMin":"1","rewardItems":[{"minAmount":7,"itemName":"markedbills","maxAmount":9,"rewardChance":100},{"minAmount":8,"itemName":"stackofcash","maxAmount":12,"rewardChance":100}],"penaltyChance":"","rewardDelayTime":"1","guards":[],"penaltyForFailing":false,"hackType":"none","xpNeededAmount":"0","type":"robabble_object","blackoutDuration":"1","animation":"ch_prop_cash_low_trolly_01a","removeXpOnHit":false,"requireSimultaneous":false},{"stepNumber":8,"quantity":"","rewardItem":true,"unlockTimeCheckbox":false,"selectedWeapon":"","xpOptions":false,"isRequiredNextStage":false,"selectedDoorName":"","propName":"ch_prop_cash_low_trolly_01a","minigameType":"","heading":"38.00","xpRemoveAmount":"0","lasers":[],"targetVector":"-2953.21, 482.79, 14.68","targetText":"","dropWalletWithPasscode":false,"triggersBlackout":false,"createExplosion":false,"pedCoords":"-2953.21, 482.79, 14.68","difficulty":"","requireWeaponInHand":false,"penaltyType":"","minigameCheckbox":false,"requiresItem":false,"delayRewardCheckbox":false,"propHeading":"38.00","xpRewardAmount":"0","rewardItemMax":"9","itemName":"","isOptional":false,"rewardItemMin":"7","sendAlert":false,"rewardMoneyMax":"1","unlockTime":"","requiredWeapons":[],"lootableItems":[],"rewardItemName":"markedbills","items":[],"stepName":"robabble object (Copy 2) (Copy 1)","rewardItemQuantity":"","rewardMoneyType":"cash","rewardMoney":false,"rewardMoneyMin":"1","rewardItems":[{"minAmount":7,"itemName":"markedbills","maxAmount":9,"rewardChance":100},{"minAmount":8,"itemName":"stackofcash","maxAmount":12,"rewardChance":100}],"penaltyChance":"","rewardDelayTime":"1","guards":[],"penaltyForFailing":false,"hackType":"none","xpNeededAmount":"0","type":"robabble_object","blackoutDuration":"1","animation":"ch_prop_cash_low_trolly_01a","removeXpOnHit":false,"requireSimultaneous":false},{"stepNumber":9,"quantity":"","rewardItem":true,"unlockTimeCheckbox":false,"selectedWeapon":"","xpOptions":false,"isRequiredNextStage":false,"selectedDoorName":"","propName":"h4_prop_h4_cash_stack_01a","minigameType":"","heading":"269.00","xpRemoveAmount":"0","lasers":[],"targetVector":"-2954.13, 484.51, 15.52","targetText":"","dropWalletWithPasscode":false,"triggersBlackout":false,"createExplosion":false,"pedCoords":"-2954.13, 484.51, 15.52","difficulty":"","requireWeaponInHand":false,"penaltyType":"","minigameCheckbox":false,"requiresItem":false,"delayRewardCheckbox":false,"propHeading":"269.00","xpRewardAmount":"0","rewardItemMax":"9","itemName":"","isOptional":false,"rewardItemMin":"7","sendAlert":false,"rewardMoneyMax":"1","unlockTime":"","requiredWeapons":[],"lootableItems":[],"rewardItemName":"markedbills","items":[],"stepName":"robabble object (Copy 2) (Copy 1) (Copy 1)","rewardItemQuantity":"","rewardMoneyType":"cash","rewardMoney":false,"rewardMoneyMin":"1","rewardItems":[{"minAmount":7,"itemName":"markedbills","maxAmount":9,"rewardChance":100},{"minAmount":8,"itemName":"stackofcash","maxAmount":12,"rewardChance":100},{"minAmount":1,"itemName":"paletodevice","maxAmount":1,"rewardChance":25}],"penaltyChance":"","rewardDelayTime":"1","guards":[],"penaltyForFailing":false,"hackType":"none","xpNeededAmount":"0","type":"robabble_object","blackoutDuration":"1","animation":"h4_prop_h4_cash_stack_01a","removeXpOnHit":false,"requireSimultaneous":false},{"stepNumber":10,"penaltyChance":"100","rewardItem":false,"unlockTimeCheckbox":false,"doorId":"1011","selectedWeapon":"","xpOptions":false,"isRequiredNextStage":false,"selectedDoorName":"bank fleeca gate ocean","propName":"hei_prop_hei_securitypanel","minigameType":"","heading":"0.00","xpRemoveAmount":"0","lasers":[],"targetVector":"-2956.58, 483.38, 15.90","targetText":"","dropWalletWithPasscode":false,"quantity":"","rewardMoneyMin":"","createExplosion":false,"pedCoords":"-2956.58, 483.38, 15.90","difficulty":"","requireWeaponInHand":false,"minigameCheckbox":false,"lootableItems":[],"requiresItem":false,"delayRewardCheckbox":false,"blackoutDuration":"1","penaltyType":"","unlockTime":"1","itemName":"","isOptional":false,"rewardItemMax":"","sendAlert":false,"rewardMoneyMax":"","propHeading":"267.54","requiredWeapons":[],"rewardMoneyType":"","doorPosition":"-2956.12, 485.42, 16.00","items":[],"stepName":"hackable door","rewardItemMin":"","rewardItemName":"","rewardItemQuantity":"","rewardMoney":false,"rewardItems":[],"removeXpOnHit":false,"rewardDelayTime":"","xpRewardAmount":"0","triggersBlackout":false,"hackType":"colorhack","xpNeededAmount":"0","guards":[],"penaltyForFailing":false,"animation":"hei_prop_hei_securitypanel","type":"hackable_door","requireSimultaneous":false}]', '{"robberyCooldown":"60","cooldownMinutes":30,"policeJobs":[],"blipFlash":false,"alertSound1":"Lose_1st","cooldownHeists":["fleeca heist","pink cage fleeca","ls customs fleeca","bahama mamas fleeca","route 68 fleeca"],"policeAlert":"Fleeca Robbery","policeRequired":"3","alertIcon":"fas fa-question","blipColor":0,"alertPriority":2,"blipSprite":1,"policeAlertHeader":"","minutesUntilRobbery":""}'),
	(185, 'route 68 fleeca', '[{"stepNumber":1,"quantity":"1","rewardItem":false,"unlockTimeCheckbox":false,"selectedWeapon":"","xpOptions":false,"isRequiredNextStage":false,"selectedDoorName":"","propName":"","minigameType":"","heading":"201.00","xpRemoveAmount":"0","lasers":[],"targetVector":"1178.44, 2707.54, 38.59","targetText":"","dropWalletWithPasscode":false,"triggersBlackout":false,"createExplosion":false,"pedCoords":"1178.17, 2708.38, 37.09","difficulty":"","requireWeaponInHand":false,"penaltyType":"","minigameCheckbox":false,"requiresItem":true,"delayRewardCheckbox":false,"propHeading":"0.00","xpRewardAmount":"0","rewardItemMax":"","itemName":"laptop","isOptional":false,"rewardItemMin":"","sendAlert":true,"rewardMoneyMax":"1","unlockTime":"","requiredWeapons":[],"lootableItems":[],"rewardItemName":"","items":[{"itemQuantity":1,"itemName":"laptop","loseChance":1}],"stepName":"robabble object","rewardItemQuantity":"","rewardMoneyType":"cash","rewardMoney":false,"rewardMoneyMin":"1","rewardItems":[],"penaltyChance":"","rewardDelayTime":"1","guards":[],"penaltyForFailing":false,"hackType":"memorygame","xpNeededAmount":"0","type":"robabble_object","blackoutDuration":"1","animation":"2","removeXpOnHit":false,"requireSimultaneous":false},{"stepNumber":2,"quantity":"1","rewardItem":false,"unlockTimeCheckbox":false,"selectedWeapon":"","xpOptions":false,"isRequiredNextStage":true,"selectedDoorName":"","propName":"","minigameType":"","heading":"166.00","xpRemoveAmount":"0","lasers":[],"targetVector":"1176.66, 2707.51, 38.67","targetText":"","dropWalletWithPasscode":false,"triggersBlackout":false,"createExplosion":false,"pedCoords":"1177.15, 2708.50, 37.09","difficulty":"","requireWeaponInHand":false,"penaltyType":"","minigameCheckbox":false,"requiresItem":true,"delayRewardCheckbox":false,"propHeading":"0.00","xpRewardAmount":"0","rewardItemMax":"","itemName":"laptop","isOptional":false,"rewardItemMin":"","sendAlert":false,"rewardMoneyMax":"1","unlockTime":"","requiredWeapons":[],"lootableItems":[],"rewardItemName":"","items":[{"itemQuantity":1,"itemName":"laptop","loseChance":1}],"stepName":"robabble object (Copy 1)","rewardItemQuantity":"","rewardMoneyType":"cash","rewardMoney":false,"rewardMoneyMin":"1","rewardItems":[],"penaltyChance":"","rewardDelayTime":"1","guards":[],"penaltyForFailing":false,"hackType":"memorygame","xpNeededAmount":"0","type":"robabble_object","blackoutDuration":"1","animation":"1","removeXpOnHit":false,"requireSimultaneous":false},{"stepNumber":3,"quantity":"1","rewardItem":false,"unlockTimeCheckbox":false,"selectedWeapon":"","xpOptions":false,"isRequiredNextStage":true,"selectedDoorName":"","propName":"","minigameType":"","heading":"172.00","xpRemoveAmount":"0","lasers":[],"targetVector":"1175.42, 2707.54, 38.59","targetText":"","dropWalletWithPasscode":false,"triggersBlackout":false,"createExplosion":false,"pedCoords":"1175.55, 2708.62, 37.09","difficulty":"","requireWeaponInHand":false,"penaltyType":"","minigameCheckbox":false,"requiresItem":true,"delayRewardCheckbox":false,"propHeading":"0.00","xpRewardAmount":"0","rewardItemMax":"","itemName":"laptop","isOptional":false,"rewardItemMin":"","sendAlert":false,"rewardMoneyMax":"1","unlockTime":"","requiredWeapons":[],"lootableItems":[],"rewardItemName":"","items":[{"itemQuantity":1,"itemName":"laptop","loseChance":1}],"stepName":"robabble object (Copy 1) (Copy 1)","rewardItemQuantity":"","rewardMoneyType":"cash","rewardMoney":false,"rewardMoneyMin":"1","rewardItems":[],"penaltyChance":"","rewardDelayTime":"1","guards":[],"penaltyForFailing":false,"hackType":"memorygame","xpNeededAmount":"0","type":"robabble_object","blackoutDuration":"1","animation":"2","removeXpOnHit":false,"requireSimultaneous":false},{"stepNumber":4,"quantity":"1","rewardItem":false,"unlockTimeCheckbox":false,"selectedWeapon":"","xpOptions":false,"isRequiredNextStage":true,"selectedDoorName":"","propName":"","minigameType":"","heading":"178.00","xpRemoveAmount":"0","lasers":[],"targetVector":"1173.88, 2707.60, 38.59","targetText":"","dropWalletWithPasscode":false,"triggersBlackout":false,"createExplosion":false,"pedCoords":"1173.91, 2708.53, 37.09","difficulty":"","requireWeaponInHand":false,"penaltyType":"","minigameCheckbox":false,"requiresItem":true,"delayRewardCheckbox":false,"propHeading":"0.00","xpRewardAmount":"0","rewardItemMax":"","itemName":"laptop","isOptional":false,"rewardItemMin":"","sendAlert":false,"rewardMoneyMax":"1","unlockTime":"","requiredWeapons":[],"lootableItems":[],"rewardItemName":"","items":[{"itemQuantity":1,"itemName":"laptop","loseChance":1}],"stepName":"robabble object (Copy 1) (Copy 1) (Copy 1)","rewardItemQuantity":"","rewardMoneyType":"cash","rewardMoney":false,"rewardMoneyMin":"1","rewardItems":[],"penaltyChance":"","rewardDelayTime":"1","guards":[],"penaltyForFailing":false,"hackType":"memorygame","xpNeededAmount":"0","type":"robabble_object","blackoutDuration":"1","animation":"2","removeXpOnHit":false,"requireSimultaneous":false},{"stepNumber":5,"penaltyChance":"100","rewardItem":false,"unlockTimeCheckbox":true,"doorId":"1010","selectedWeapon":"","xpOptions":false,"isRequiredNextStage":true,"selectedDoorName":"bank fleeca vault ocean","propName":"","minigameType":"","heading":"87.00","xpRemoveAmount":"0","lasers":[],"targetVector":"1175.69, 2712.96, 38.28","targetText":"","dropWalletWithPasscode":false,"quantity":"1","rewardMoneyMin":"","createExplosion":false,"pedCoords":"1176.33, 2712.77, 37.09","difficulty":"","requireWeaponInHand":false,"minigameCheckbox":false,"lootableItems":[],"requiresItem":true,"delayRewardCheckbox":false,"blackoutDuration":"1","penaltyType":"","unlockTime":"300","itemName":"adv_laptop","isOptional":false,"rewardItemMax":"","sendAlert":false,"rewardMoneyMax":"","propHeading":"0.00","requiredWeapons":[],"rewardMoneyType":"","doorPosition":"-2958.54, 482.27, 15.84","items":[{"itemQuantity":1,"itemName":"adv_laptop","loseChance":50},{"itemQuantity":1,"itemName":"fleecadevice","loseChance":100}],"stepName":"hackable door","rewardItemMin":"","rewardItemName":"","rewardItemQuantity":"","rewardMoney":false,"rewardItems":[],"removeXpOnHit":false,"rewardDelayTime":"","xpRewardAmount":"0","triggersBlackout":false,"hackType":"colorhack","xpNeededAmount":"0","guards":[],"penaltyForFailing":false,"animation":"11","type":"hackable_door","requireSimultaneous":false},{"stepNumber":6,"quantity":"","rewardItem":true,"unlockTimeCheckbox":false,"selectedWeapon":"","xpOptions":false,"isRequiredNextStage":false,"selectedDoorName":"","propName":"ch_prop_cash_low_trolly_01a","minigameType":"","heading":"311.00","xpRemoveAmount":"0","lasers":[],"targetVector":"1172.48, 2711.18, 37.07","targetText":"","dropWalletWithPasscode":false,"triggersBlackout":false,"createExplosion":false,"pedCoords":"1172.48, 2711.18, 37.07","difficulty":"","requireWeaponInHand":false,"penaltyType":"","minigameCheckbox":false,"requiresItem":false,"delayRewardCheckbox":false,"propHeading":"311.00","xpRewardAmount":"0","rewardItemMax":"9","itemName":"","isOptional":false,"rewardItemMin":"7","sendAlert":false,"rewardMoneyMax":"1","unlockTime":"","requiredWeapons":[],"lootableItems":[],"rewardItemName":"markedbills","items":[],"stepName":"robabble object","rewardItemQuantity":"","rewardMoneyType":"cash","rewardMoney":false,"rewardMoneyMin":"1","rewardItems":[{"minAmount":7,"itemName":"markedbills","maxAmount":9,"rewardChance":100},{"minAmount":8,"itemName":"stackofcash","maxAmount":12,"rewardChance":100}],"penaltyChance":"","rewardDelayTime":"1","guards":[],"penaltyForFailing":false,"hackType":"none","xpNeededAmount":"0","type":"robabble_object","blackoutDuration":"1","animation":"ch_prop_cash_low_trolly_01a","removeXpOnHit":false,"requireSimultaneous":false},{"stepNumber":7,"quantity":"","rewardItem":true,"unlockTimeCheckbox":false,"selectedWeapon":"","xpOptions":false,"isRequiredNextStage":false,"selectedDoorName":"","propName":"ch_prop_cash_low_trolly_01a","minigameType":"","heading":"215.00","xpRemoveAmount":"0","lasers":[],"targetVector":"1171.61, 2716.05, 37.07","targetText":"","dropWalletWithPasscode":false,"triggersBlackout":false,"createExplosion":false,"pedCoords":"1171.61, 2716.05, 37.07","difficulty":"","requireWeaponInHand":false,"penaltyType":"","minigameCheckbox":false,"requiresItem":false,"delayRewardCheckbox":false,"propHeading":"215.00","xpRewardAmount":"0","rewardItemMax":"9","itemName":"","isOptional":false,"rewardItemMin":"7","sendAlert":false,"rewardMoneyMax":"1","unlockTime":"","requiredWeapons":[],"lootableItems":[],"rewardItemName":"markedbills","items":[],"stepName":"robabble object (Copy 2)","rewardItemQuantity":"","rewardMoneyType":"cash","rewardMoney":false,"rewardMoneyMin":"1","rewardItems":[{"minAmount":7,"itemName":"markedbills","maxAmount":9,"rewardChance":100},{"minAmount":8,"itemName":"stackofcash","maxAmount":12,"rewardChance":100}],"penaltyChance":"","rewardDelayTime":"1","guards":[],"penaltyForFailing":false,"hackType":"none","xpNeededAmount":"0","type":"robabble_object","blackoutDuration":"1","animation":"ch_prop_cash_low_trolly_01a","removeXpOnHit":false,"requireSimultaneous":false},{"stepNumber":8,"quantity":"","rewardItem":true,"unlockTimeCheckbox":false,"selectedWeapon":"","xpOptions":false,"isRequiredNextStage":false,"selectedDoorName":"","propName":"ch_prop_cash_low_trolly_01a","minigameType":"","heading":"135.00","xpRemoveAmount":"0","lasers":[],"targetVector":"1174.85, 2716.23, 37.07","targetText":"","dropWalletWithPasscode":false,"triggersBlackout":false,"createExplosion":false,"pedCoords":"1174.85, 2716.23, 37.07","difficulty":"","requireWeaponInHand":false,"penaltyType":"","minigameCheckbox":false,"requiresItem":false,"delayRewardCheckbox":false,"propHeading":"135.00","xpRewardAmount":"0","rewardItemMax":"9","itemName":"","isOptional":false,"rewardItemMin":"7","sendAlert":false,"rewardMoneyMax":"1","unlockTime":"","requiredWeapons":[],"lootableItems":[],"rewardItemName":"markedbills","items":[],"stepName":"robabble object (Copy 2) (Copy 1)","rewardItemQuantity":"","rewardMoneyType":"cash","rewardMoney":false,"rewardMoneyMin":"1","rewardItems":[{"minAmount":7,"itemName":"markedbills","maxAmount":9,"rewardChance":100},{"minAmount":8,"itemName":"stackofcash","maxAmount":12,"rewardChance":100}],"penaltyChance":"","rewardDelayTime":"1","guards":[],"penaltyForFailing":false,"hackType":"none","xpNeededAmount":"0","type":"robabble_object","blackoutDuration":"1","animation":"ch_prop_cash_low_trolly_01a","removeXpOnHit":false,"requireSimultaneous":false},{"stepNumber":9,"quantity":"","rewardItem":true,"unlockTimeCheckbox":false,"selectedWeapon":"","xpOptions":false,"isRequiredNextStage":false,"selectedDoorName":"","propName":"","minigameType":"","heading":"0.00","xpRemoveAmount":"0","lasers":[],"targetVector":"1173.38, 2715.21, 37.92","targetText":"","dropWalletWithPasscode":false,"triggersBlackout":false,"createExplosion":false,"pedCoords":"1173.57, 2714.53, 37.07","difficulty":"","requireWeaponInHand":false,"penaltyType":"","minigameCheckbox":false,"requiresItem":false,"delayRewardCheckbox":false,"propHeading":"0.00","xpRewardAmount":"0","rewardItemMax":"9","itemName":"","isOptional":false,"rewardItemMin":"7","sendAlert":false,"rewardMoneyMax":"1","unlockTime":"","requiredWeapons":[],"lootableItems":[],"rewardItemName":"markedbills","items":[],"stepName":"robabble object (Copy 2) (Copy 1) (Copy 1)","rewardItemQuantity":"","rewardMoneyType":"cash","rewardMoney":false,"rewardMoneyMin":"1","rewardItems":[{"minAmount":7,"itemName":"markedbills","maxAmount":9,"rewardChance":100},{"minAmount":8,"itemName":"stackofcash","maxAmount":12,"rewardChance":100},{"minAmount":1,"itemName":"paletodevice","maxAmount":1,"rewardChance":25}],"penaltyChance":"","rewardDelayTime":"1","guards":[],"penaltyForFailing":false,"hackType":"none","xpNeededAmount":"0","type":"robabble_object","blackoutDuration":"1","animation":"15","removeXpOnHit":false,"requireSimultaneous":false},{"stepNumber":10,"penaltyChance":"100","rewardItem":false,"unlockTimeCheckbox":false,"doorId":"1016","selectedWeapon":"","xpOptions":false,"isRequiredNextStage":false,"selectedDoorName":"bank fleeca harmony gate","propName":"","minigameType":"","heading":"0.00","xpRemoveAmount":"0","lasers":[],"targetVector":"1174.35, 2712.75, 38.21","targetText":"","dropWalletWithPasscode":false,"quantity":"","rewardMoneyMin":"","createExplosion":false,"pedCoords":"1174.30, 2712.09, 37.07","difficulty":"","requireWeaponInHand":false,"minigameCheckbox":false,"lootableItems":[],"requiresItem":false,"delayRewardCheckbox":false,"blackoutDuration":"1","penaltyType":"","unlockTime":"1","itemName":"","isOptional":false,"rewardItemMax":"","sendAlert":false,"rewardMoneyMax":"","propHeading":"0.00","requiredWeapons":[],"rewardMoneyType":"","doorPosition":"1172.29, 2713.15, 38.39","items":[],"stepName":"hackable door","rewardItemMin":"","rewardItemName":"","rewardItemQuantity":"","rewardMoney":false,"rewardItems":[],"removeXpOnHit":false,"rewardDelayTime":"","xpRewardAmount":"0","triggersBlackout":false,"hackType":"colorhack","xpNeededAmount":"0","guards":[],"penaltyForFailing":false,"animation":"11","type":"hackable_door","requireSimultaneous":false}]', '{"robberyCooldown":"","cooldownMinutes":0,"policeJobs":[],"blipFlash":false,"alertSound1":"Lose_1st","cooldownHeists":[],"policeAlert":"","policeRequired":"","alertIcon":"fas fa-question","blipColor":0,"alertPriority":2,"blipSprite":1,"policeAlertHeader":"","minutesUntilRobbery":""}'),
	(186, 'pacific standard', '[{"pedCoords":"257.08, 219.65, 105.29","sendAlert":true,"rewardItemQuantity":"","minigameType":"","rewardMoneyMin":"","xpNeededAmount":"0","doorPosition":"256.31, 220.66, 106.43","penaltyForFailing":false,"lasers":[],"requireSimultaneous":false,"stepNumber":1,"selectedDoorName":"Big Bank Main Door","dropWalletWithPasscode":false,"requiresItem":true,"minigameCheckbox":false,"xpOptions":false,"itemName":"drill","requireWeaponInHand":false,"unlockTime":"1","guards":[],"createExplosion":false,"type":"hackable_door","removeXpOnHit":false,"triggersBlackout":false,"delayRewardCheckbox":false,"penaltyChance":"100","quantity":"1","rewardDelayTime":"","rewardItem":false,"rewardMoneyMax":"","rewardMoneyType":"","targetVector":"257.47, 220.19, 106.41","propHeading":"0.00","propName":"","rewardItemMax":"","difficulty":"","penaltyType":"","animation":"12","isRequiredNextStage":false,"lootableItems":[],"rewardItemMin":"","rewardItems":[],"rewardItemName":"","unlockTimeCheckbox":false,"doorId":"1023","xpRemoveAmount":"0","rewardMoney":false,"isOptional":false,"blackoutDuration":"1","hackType":"drillregular","requiredWeapons":[],"xpRewardAmount":"0","heading":"0.00","selectedWeapon":"","items":[{"loseChance":100,"itemQuantity":1,"itemName":"drill"}],"stepName":"hackable door","targetText":""},{"pedCoords":"262.22, 223.05, 106.64","sendAlert":false,"rewardItemQuantity":"","minigameType":"","rewardMoneyMin":"","xpNeededAmount":"0","doorPosition":"262.20, 222.52, 106.43","penaltyForFailing":false,"lasers":[],"requireSimultaneous":false,"stepNumber":2,"selectedDoorName":"Big Bank Door 2","dropWalletWithPasscode":false,"requiresItem":true,"minigameCheckbox":false,"xpOptions":false,"itemName":"adv_laptop","requireWeaponInHand":false,"unlockTime":"1","guards":[],"createExplosion":false,"type":"hackable_door","removeXpOnHit":false,"triggersBlackout":false,"delayRewardCheckbox":false,"penaltyChance":"100","quantity":"1","rewardDelayTime":"","rewardItem":false,"rewardMoneyMax":"","rewardMoneyType":"","targetVector":"262.22, 223.05, 106.64","propHeading":"250.00","propName":"hei_prop_hei_securitypanel","rewardItemMax":"","difficulty":"","penaltyType":"","animation":"hei_prop_hei_securitypanel","isRequiredNextStage":true,"lootableItems":[],"rewardItemMin":"","rewardItems":[],"rewardItemName":"","unlockTimeCheckbox":true,"doorId":"1024","xpRemoveAmount":"0","rewardMoney":false,"isOptional":false,"blackoutDuration":"1","hackType":"memorygame","requiredWeapons":[],"xpRewardAmount":"0","heading":"0.00","selectedWeapon":"","items":[{"loseChance":1,"itemQuantity":1,"itemName":"adv_laptop"}],"stepName":"hackable door","targetText":""},{"pedCoords":"252.92, 228.53, 102.09","sendAlert":false,"rewardItemQuantity":"","minigameType":"","rewardMoneyMin":"","xpNeededAmount":"0","doorPosition":"255.23, 223.98, 102.39","penaltyForFailing":false,"lasers":[],"requireSimultaneous":false,"stepNumber":3,"selectedDoorName":"Big Bank Lower Vault","dropWalletWithPasscode":false,"requiresItem":true,"minigameCheckbox":false,"xpOptions":false,"itemName":"adv_laptop","requireWeaponInHand":false,"unlockTime":"1","guards":[],"createExplosion":false,"type":"hackable_door","removeXpOnHit":false,"triggersBlackout":false,"delayRewardCheckbox":false,"penaltyChance":"100","quantity":"1","rewardDelayTime":"","rewardItem":false,"rewardMoneyMax":"","rewardMoneyType":"","targetVector":"252.92, 228.53, 102.09","propHeading":"70.00","propName":"hei_prop_hei_securitypanel","rewardItemMax":"","difficulty":"","penaltyType":"","animation":"hei_prop_hei_securitypanel","isRequiredNextStage":true,"lootableItems":[],"rewardItemMin":"","rewardItems":[],"rewardItemName":"","unlockTimeCheckbox":false,"doorId":"1025","xpRemoveAmount":"0","rewardMoney":false,"isOptional":false,"blackoutDuration":"1","hackType":"none","requiredWeapons":[],"xpRewardAmount":"0","heading":"0.00","selectedWeapon":"","items":[{"loseChance":100,"itemQuantity":1,"itemName":"adv_laptop"}],"stepName":"hackable door","targetText":""},{"pedCoords":"256.99, 214.66, 100.68","sendAlert":false,"rewardItemQuantity":"","minigameType":"","rewardMoneyMin":"1","xpNeededAmount":"0","requireSimultaneous":false,"lasers":[],"stepNumber":4,"selectedDoorName":"","dropWalletWithPasscode":false,"lootableItems":[],"minigameCheckbox":false,"xpOptions":false,"itemName":"duffelbag","requireWeaponInHand":false,"unlockTime":"","requiresItem":true,"type":"robabble_object","propHeading":"0.00","penaltyForFailing":false,"triggersBlackout":false,"delayRewardCheckbox":false,"removeXpOnHit":false,"quantity":"1","penaltyChance":"","rewardDelayTime":"1","rewardMoneyMax":"1","rewardMoneyType":"cash","targetVector":"256.80, 214.37, 101.77","rewardItems":[{"maxAmount":45,"rewardChance":100,"minAmount":30,"itemName":"stackofcash"},{"maxAmount":30,"rewardChance":100,"minAmount":15,"itemName":"markedbills"}],"propName":"","createExplosion":false,"rewardItem":true,"penaltyType":"","rewardItemName":"stackofcash","isRequiredNextStage":false,"animation":"12","rewardItemMin":"30","difficulty":"","guards":[],"unlockTimeCheckbox":false,"stepName":"robabble object","xpRemoveAmount":"0","rewardMoney":false,"isOptional":false,"blackoutDuration":"1","hackType":"none","requiredWeapons":[],"xpRewardAmount":"0","heading":"162.00","selectedWeapon":"","items":[{"loseChance":1,"itemQuantity":1,"itemName":"duffelbag"},{"loseChance":1,"itemQuantity":1,"itemName":"drill"}],"targetText":"","rewardItemMax":"45"},{"pedCoords":"258.35, 218.18, 100.68","sendAlert":false,"rewardItemQuantity":"","minigameType":"","rewardMoneyMin":"1","xpNeededAmount":"0","requireSimultaneous":false,"lasers":[],"stepNumber":5,"selectedDoorName":"","dropWalletWithPasscode":false,"lootableItems":[],"minigameCheckbox":false,"xpOptions":false,"itemName":"duffelbag","requireWeaponInHand":false,"unlockTime":"","requiresItem":true,"type":"robabble_object","propHeading":"0.00","penaltyForFailing":false,"triggersBlackout":false,"delayRewardCheckbox":false,"removeXpOnHit":false,"quantity":"1","penaltyChance":"","rewardDelayTime":"1","rewardMoneyMax":"1","rewardMoneyType":"cash","targetVector":"258.46, 218.76, 101.88","rewardItems":[{"maxAmount":45,"rewardChance":100,"minAmount":30,"itemName":"stackofcash"},{"maxAmount":30,"rewardChance":100,"minAmount":15,"itemName":"markedbills"}],"propName":"","createExplosion":false,"rewardItem":true,"penaltyType":"","rewardItemName":"stackofcash","isRequiredNextStage":false,"animation":"12","rewardItemMin":"30","difficulty":"","guards":[],"unlockTimeCheckbox":false,"stepName":"robabble object (Copy 1)","xpRemoveAmount":"0","rewardMoney":false,"isOptional":false,"blackoutDuration":"1","hackType":"none","requiredWeapons":[],"xpRewardAmount":"0","heading":"0.00","selectedWeapon":"","items":[{"loseChance":1,"itemQuantity":1,"itemName":"duffelbag"},{"loseChance":1,"itemQuantity":1,"itemName":"drill"}],"targetText":"","rewardItemMax":"45"},{"pedCoords":"259.30, 214.31, 100.68","sendAlert":false,"rewardItemQuantity":"","minigameType":"","rewardMoneyMin":"1","xpNeededAmount":"0","requireSimultaneous":false,"lasers":[],"stepNumber":6,"selectedDoorName":"","dropWalletWithPasscode":false,"lootableItems":[],"minigameCheckbox":false,"xpOptions":false,"itemName":"duffelbag","requireWeaponInHand":false,"unlockTime":"","requiresItem":true,"type":"robabble_object","propHeading":"0.00","penaltyForFailing":false,"triggersBlackout":false,"delayRewardCheckbox":false,"removeXpOnHit":false,"quantity":"1","penaltyChance":"","rewardDelayTime":"1","rewardMoneyMax":"1","rewardMoneyType":"cash","targetVector":"259.04, 213.56, 101.74","rewardItems":[{"maxAmount":45,"rewardChance":100,"minAmount":30,"itemName":"stackofcash"},{"maxAmount":30,"rewardChance":100,"minAmount":15,"itemName":"markedbills"}],"propName":"","createExplosion":false,"rewardItem":true,"penaltyType":"","rewardItemName":"stackofcash","isRequiredNextStage":false,"animation":"12","rewardItemMin":"30","difficulty":"","guards":[],"unlockTimeCheckbox":false,"stepName":"robabble object (Copy 1) (Copy 1)","xpRemoveAmount":"0","rewardMoney":false,"isOptional":false,"blackoutDuration":"1","hackType":"none","requiredWeapons":[],"xpRewardAmount":"0","heading":"161.00","selectedWeapon":"","items":[{"loseChance":1,"itemQuantity":1,"itemName":"duffelbag"},{"loseChance":1,"itemQuantity":1,"itemName":"drill"}],"targetText":"","rewardItemMax":"45"},{"pedCoords":"261.20, 215.71, 100.68","sendAlert":false,"rewardItemQuantity":"","minigameType":"","rewardMoneyMin":"","xpNeededAmount":"0","doorPosition":"261.30, 214.51, 101.83","penaltyForFailing":false,"lasers":[],"requireSimultaneous":false,"stepNumber":7,"selectedDoorName":"Big Bank Lower Gate 2","dropWalletWithPasscode":false,"requiresItem":true,"minigameCheckbox":false,"xpOptions":false,"itemName":"thermite","requireWeaponInHand":false,"unlockTime":"1","guards":[],"createExplosion":false,"type":"hackable_door","removeXpOnHit":false,"triggersBlackout":false,"delayRewardCheckbox":false,"penaltyChance":"100","quantity":"1","rewardDelayTime":"","rewardItem":false,"rewardMoneyMax":"","rewardMoneyType":"","targetVector":"261.66, 215.61, 101.79","propHeading":"0.00","propName":"","rewardItemMax":"","difficulty":"","penaltyType":"","animation":"10","isRequiredNextStage":true,"lootableItems":[],"rewardItemMin":"","rewardItems":[],"rewardItemName":"","unlockTimeCheckbox":true,"doorId":"1027","xpRemoveAmount":"0","rewardMoney":false,"isOptional":false,"blackoutDuration":"1","hackType":"thermite","requiredWeapons":[],"xpRewardAmount":"0","heading":"254.00","selectedWeapon":"","items":[{"loseChance":100,"itemQuantity":1,"itemName":"thermite"}],"stepName":"hackable door","targetText":""},{"pedCoords":"263.68, 213.94, 100.68","sendAlert":false,"rewardItemQuantity":"","minigameType":"","rewardMoneyMin":"1","xpNeededAmount":"0","requireSimultaneous":false,"lasers":[],"stepNumber":8,"selectedDoorName":"","dropWalletWithPasscode":false,"lootableItems":[],"minigameCheckbox":false,"xpOptions":false,"itemName":"duffelbag","requireWeaponInHand":false,"unlockTime":"","requiresItem":true,"type":"robabble_object","propHeading":"231.00","penaltyForFailing":false,"triggersBlackout":false,"delayRewardCheckbox":false,"removeXpOnHit":false,"quantity":"1","penaltyChance":"","rewardDelayTime":"1","rewardMoneyMax":"1","rewardMoneyType":"cash","targetVector":"264.32, 213.66, 101.53","rewardItems":[{"maxAmount":200,"rewardChance":100,"minAmount":50,"itemName":"markedbills"},{"maxAmount":300,"rewardChance":100,"minAmount":60,"itemName":"rollsofcash"},{"maxAmount":320,"rewardChance":100,"minAmount":70,"itemName":"stackofcash"}],"propName":"bkr_prop_bkr_cashpile_04","createExplosion":false,"rewardItem":true,"penaltyType":"","rewardItemName":"markedbills","isRequiredNextStage":false,"animation":"15","rewardItemMin":"50","difficulty":"","guards":[],"unlockTimeCheckbox":false,"stepName":"robabble object","xpRemoveAmount":"0","rewardMoney":false,"isOptional":false,"blackoutDuration":"1","hackType":"none","requiredWeapons":[],"xpRewardAmount":"0","heading":"231.00","selectedWeapon":"","items":[{"loseChance":1,"itemQuantity":1,"itemName":"duffelbag"}],"targetText":"","rewardItemMax":"200"}]', '{"blipColor":0,"robberyCooldown":"1","alertSound1":"Lose_1st","policeAlert":"","blipFlash":false,"policeRequired":"","policeAlertHeader":"","policeJobs":[],"blipSprite":1,"cooldownMinutes":0,"alertPriority":2,"alertIcon":"fas fa-question","minutesUntilRobbery":"","cooldownHeists":[]}'),
	(261, 'paleto', '[{"stepNumber":1,"quantity":"1","rewardItem":false,"unlockTimeCheckbox":false,"selectedWeapon":"","xpOptions":false,"isRequiredNextStage":false,"selectedDoorName":"","propName":"","minigameType":"","heading":"100.00","xpRemoveAmount":"0","lasers":[],"targetVector":"238.77, 6400.84, 31.84","targetText":"","dropWalletWithPasscode":false,"triggersBlackout":false,"createExplosion":false,"pedCoords":"239.25, 6400.74, 30.77","difficulty":"","requireWeaponInHand":false,"penaltyType":"","minigameCheckbox":false,"requiresItem":true,"delayRewardCheckbox":false,"propHeading":"0.00","xpRewardAmount":"0","rewardItemMax":"","itemName":"thermite","isOptional":false,"rewardItemMin":"","sendAlert":false,"rewardMoneyMax":"1","unlockTime":"","requiredWeapons":[],"lootableItems":[],"rewardItemName":"","items":[{"itemQuantity":1,"itemName":"thermite","loseChance":100}],"stepName":"robabble object","rewardItemQuantity":"","rewardMoneyType":"cash","rewardMoney":false,"rewardMoneyMin":"1","rewardItems":[],"penaltyChance":"","rewardDelayTime":"1","guards":[],"penaltyForFailing":false,"hackType":"inspired-thermite","xpNeededAmount":"0","type":"robabble_object","blackoutDuration":"1","animation":"10","removeXpOnHit":false,"requireSimultaneous":false},{"stepNumber":2,"quantity":"1","rewardItem":false,"unlockTimeCheckbox":false,"selectedWeapon":"","xpOptions":false,"isRequiredNextStage":true,"selectedDoorName":"","propName":"","minigameType":"","heading":"113.00","xpRemoveAmount":"0","lasers":[],"targetVector":"236.37, 6405.99, 31.87","targetText":"","dropWalletWithPasscode":false,"triggersBlackout":false,"createExplosion":false,"pedCoords":"236.95, 6405.78, 30.84","difficulty":"","requireWeaponInHand":false,"penaltyType":"","minigameCheckbox":false,"requiresItem":true,"delayRewardCheckbox":false,"propHeading":"0.00","xpRewardAmount":"0","rewardItemMax":"","itemName":"thermite","isOptional":false,"rewardItemMin":"","sendAlert":false,"rewardMoneyMax":"1","unlockTime":"","requiredWeapons":[],"lootableItems":[],"rewardItemName":"","items":[{"itemQuantity":1,"itemName":"thermite","loseChance":100}],"stepName":"robabble object (Copy 1)","rewardItemQuantity":"","rewardMoneyType":"cash","rewardMoney":false,"rewardMoneyMin":"1","rewardItems":[],"penaltyChance":"","rewardDelayTime":"1","guards":[],"penaltyForFailing":false,"hackType":"inspired-thermite","xpNeededAmount":"0","type":"robabble_object","blackoutDuration":"1","animation":"10","removeXpOnHit":false,"requireSimultaneous":false},{"stepNumber":3,"quantity":"1","rewardItem":false,"unlockTimeCheckbox":false,"selectedWeapon":"","xpOptions":false,"isRequiredNextStage":true,"selectedDoorName":"","propName":"","minigameType":"","heading":"130.00","xpRemoveAmount":"0","lasers":[],"targetVector":"232.25, 6403.85, 31.90","targetText":"","dropWalletWithPasscode":false,"triggersBlackout":false,"createExplosion":false,"pedCoords":"232.74, 6403.98, 30.68","difficulty":"","requireWeaponInHand":false,"penaltyType":"","minigameCheckbox":false,"requiresItem":true,"delayRewardCheckbox":false,"propHeading":"0.00","xpRewardAmount":"0","rewardItemMax":"","itemName":"thermite","isOptional":false,"rewardItemMin":"","sendAlert":false,"rewardMoneyMax":"1","unlockTime":"","requiredWeapons":[],"lootableItems":[],"rewardItemName":"","items":[{"itemQuantity":1,"itemName":"thermite","loseChance":100}],"stepName":"robabble object (Copy 1) (Copy 1)","rewardItemQuantity":"","rewardMoneyType":"cash","rewardMoney":false,"rewardMoneyMin":"1","rewardItems":[],"penaltyChance":"","rewardDelayTime":"1","guards":[],"penaltyForFailing":false,"hackType":"inspired-thermite","xpNeededAmount":"0","type":"robabble_object","blackoutDuration":"1","animation":"10","removeXpOnHit":false,"requireSimultaneous":false},{"stepNumber":4,"quantity":"1","rewardItem":false,"unlockTimeCheckbox":false,"selectedWeapon":"","xpOptions":false,"isRequiredNextStage":true,"selectedDoorName":"","propName":"","minigameType":"","heading":"136.00","xpRemoveAmount":"0","lasers":[],"targetVector":"234.60, 6398.78, 31.80","targetText":"","dropWalletWithPasscode":false,"triggersBlackout":true,"createExplosion":false,"pedCoords":"235.15, 6398.73, 30.63","difficulty":"","requireWeaponInHand":false,"penaltyType":"","minigameCheckbox":false,"requiresItem":true,"delayRewardCheckbox":false,"propHeading":"0.00","xpRewardAmount":"0","rewardItemMax":"","itemName":"thermite","isOptional":false,"rewardItemMin":"","sendAlert":false,"rewardMoneyMax":"1","unlockTime":"","requiredWeapons":[],"lootableItems":[],"rewardItemName":"","items":[{"itemQuantity":1,"itemName":"thermite","loseChance":100}],"stepName":"robabble object (Copy 1) (Copy 1) (Copy 1)","rewardItemQuantity":"","rewardMoneyType":"cash","rewardMoney":false,"rewardMoneyMin":"1","rewardItems":[],"penaltyChance":"","rewardDelayTime":"5","guards":[],"penaltyForFailing":false,"hackType":"thermiteminigame","xpNeededAmount":"0","type":"robabble_object","blackoutDuration":"15","animation":"10","removeXpOnHit":false,"requireSimultaneous":false},{"stepNumber":5,"quantity":"","rewardItem":false,"unlockTimeCheckbox":false,"selectedWeapon":"","xpOptions":false,"isRequiredNextStage":true,"selectedDoorName":"","propName":"","minigameType":"","heading":"215.00","xpRemoveAmount":"0","lasers":[],"requireBlackout":true,"targetText":"","dropWalletWithPasscode":false,"targetVector":"-109.44, 6483.29, 31.66","minigameCheckbox":false,"guards":[],"pedCoords":"-109.72, 6483.55, 30.47","difficulty":"","requireWeaponInHand":false,"createExplosion":false,"penaltyType":"","requiresItem":false,"delayRewardCheckbox":false,"type":"robabble_object","xpRewardAmount":"0","rewardItemMax":"","itemName":"","isOptional":false,"rewardItemMin":"","sendAlert":true,"rewardMoneyMax":"1","propHeading":"0.00","requiredWeapons":[],"lootableItems":[],"rewardItemName":"","items":[],"stepName":"robabble object","rewardItemQuantity":"","penaltyChance":"","rewardMoney":false,"rewardMoneyMin":"1","rewardItems":[],"unlockTime":"","rewardDelayTime":"1","rewardMoneyType":"cash","penaltyForFailing":false,"hackType":"colorhack","xpNeededAmount":"0","triggersBlackout":false,"blackoutDuration":"1","animation":"13","removeXpOnHit":false,"requireSimultaneous":false},{"stepNumber":6,"quantity":"","rewardItem":false,"unlockTimeCheckbox":false,"selectedWeapon":"","xpOptions":false,"isRequiredNextStage":true,"selectedDoorName":"","propName":"","minigameType":"","heading":"109.00","xpRemoveAmount":"0","lasers":[],"targetVector":"-106.58, 6470.33, 31.72","targetText":"","dropWalletWithPasscode":false,"triggersBlackout":false,"createExplosion":false,"pedCoords":"-105.76, 6470.50, 30.63","difficulty":"","requireWeaponInHand":false,"penaltyType":"","minigameCheckbox":false,"requiresItem":false,"delayRewardCheckbox":false,"propHeading":"0.00","xpRewardAmount":"0","rewardItemMax":"","itemName":"","isOptional":false,"rewardItemMin":"","sendAlert":false,"rewardMoneyMax":"1","unlockTime":"","requiredWeapons":[],"lootableItems":[],"rewardItemName":"","items":[],"stepName":"robabble object","rewardItemQuantity":"","rewardMoneyType":"cash","rewardMoney":false,"rewardMoneyMin":"1","rewardItems":[],"penaltyChance":"","rewardDelayTime":"1","guards":[],"penaltyForFailing":false,"hackType":"inspired-terminal","xpNeededAmount":"0","type":"robabble_object","blackoutDuration":"1","animation":"4","removeXpOnHit":false,"requireSimultaneous":false},{"stepNumber":7,"quantity":"1","rewardItem":false,"unlockTimeCheckbox":true,"doorId":"1013","selectedWeapon":"","targetVector":"-105.88, 6472.16, 31.85","xpOptions":false,"isRequiredNextStage":false,"selectedDoorName":"bank paleto vault","propName":"","minigameType":"","penaltyType":"","heading":"32.00","xpRemoveAmount":"0","lasers":[],"requireBlackout":true,"targetText":"","dropWalletWithPasscode":false,"rewardMoneyMin":"","simultaneousStepNumber":6,"pedCoords":"-105.55, 6471.76, 30.63","requireWeaponInHand":false,"difficulty":"","minigameCheckbox":false,"lootableItems":[],"delayRewardCheckbox":false,"requiresItem":true,"createExplosion":false,"blackoutDuration":"1","rewardMoney":false,"rewardItemMax":"","itemName":"paletobankcard","isOptional":false,"rewardItemMin":"","sendAlert":false,"rewardMoneyMax":"","propHeading":"0.00","requiredWeapons":[],"rewardMoneyType":"","doorPosition":"-104.60, 6473.44, 31.80","items":[{"itemQuantity":1,"itemName":"paletobankcard","loseChance":100}],"stepName":"hackable door","rewardItemName":"","rewardItemQuantity":"","penaltyChance":"100","removeXpOnHit":false,"rewardItems":[],"unlockTime":"300","rewardDelayTime":"","xpRewardAmount":"0","triggersBlackout":false,"hackType":"scrambler","xpNeededAmount":"0","guards":[],"penaltyForFailing":false,"animation":"13","type":"hackable_door","requireSimultaneous":true},{"stepNumber":8,"quantity":"","rewardItem":false,"unlockTimeCheckbox":false,"selectedWeapon":"","xpOptions":false,"isRequiredNextStage":false,"selectedDoorName":"","propName":"","minigameType":"","heading":"","xpRemoveAmount":"0","lasers":[],"targetVector":"","targetText":"","dropWalletWithPasscode":false,"penaltyType":"","rewardMoneyType":"","createExplosion":false,"pedCoords":"","difficulty":"","requireWeaponInHand":false,"penaltyForFailing":false,"minigameCheckbox":false,"requiresItem":false,"delayRewardCheckbox":false,"type":"hidden_passcode","passcodes":[{"position":[-112.65,6473.1,31.82],"heading":25},{"position":[-101.42,6469.84,34.05],"heading":313},{"position":[-98.93,6461.47,32.75],"heading":227}],"unlockTime":"","itemName":"","isOptional":false,"rewardItemMax":"","sendAlert":false,"rewardMoneyMax":"","removeXpOnHit":false,"requiredWeapons":[],"lootableItems":[],"rewardItemMin":"","items":[],"stepName":"hidden passcode","rewardItemName":"","rewardItemQuantity":"","rewardMoneyMin":"","rewardMoney":false,"rewardItems":[],"penaltyChance":"","rewardDelayTime":"","xpRewardAmount":"0","triggersBlackout":false,"hackType":"","xpNeededAmount":"0","guards":[],"blackoutDuration":"","animation":"","propHeading":"","requireSimultaneous":false},{"stepNumber":9,"quantity":"","rewardItem":true,"unlockTimeCheckbox":false,"selectedWeapon":"","xpOptions":false,"isRequiredNextStage":false,"selectedDoorName":"","propName":"","minigameType":"","heading":"","xpRemoveAmount":"0","lasers":[],"targetVector":"","targetText":"","dropWalletWithPasscode":false,"triggersBlackout":false,"createExplosion":false,"pedCoords":"","difficulty":"","requireWeaponInHand":false,"penaltyType":"","minigameCheckbox":false,"requiresItem":false,"delayRewardCheckbox":false,"propHeading":"","xpRewardAmount":"0","rewardItemMax":"1","itemName":"","isOptional":false,"rewardItemMin":"1","sendAlert":false,"rewardMoneyMax":"1","unlockTime":"","requiredWeapons":[],"lootableItems":[],"rewardItemName":"adv_laptop","items":[],"stepName":"robabble object","rewardItemQuantity":"","rewardMoneyType":"cash","rewardMoney":false,"rewardMoneyMin":"1","rewardItems":[{"minAmount":1,"itemName":"adv_laptop","maxAmount":1,"rewardChance":15},{"minAmount":5,"itemName":"markedbills","maxAmount":6,"rewardChance":100},{"minAmount":1,"itemName":"inkedmoneybag","maxAmount":2,"rewardChance":100}],"penaltyChance":"","rewardDelayTime":"1","guards":[],"penaltyForFailing":false,"hackType":"none","xpNeededAmount":"0","type":"robabble_object","blackoutDuration":"1","animation":"","removeXpOnHit":false,"requireSimultaneous":false},{"stepNumber":10,"penaltyChance":"100","rewardItem":false,"unlockTimeCheckbox":false,"doorId":"1014","selectedWeapon":"","xpOptions":false,"isRequiredNextStage":false,"selectedDoorName":"bank paleto gate","propName":"prop_ld_keypad_01b","minigameType":"","heading":"313.00","xpRemoveAmount":"0","lasers":[],"targetVector":"-105.35, 6474.78, 32.05","targetText":"","dropWalletWithPasscode":false,"quantity":"","rewardMoneyMin":"","createExplosion":false,"pedCoords":"-105.70, 6474.57, 30.63","difficulty":"","requireWeaponInHand":false,"minigameCheckbox":false,"lootableItems":[],"requiresItem":false,"delayRewardCheckbox":false,"blackoutDuration":"1","penaltyType":"","unlockTime":"1","itemName":"","isOptional":false,"rewardItemMax":"","sendAlert":false,"rewardMoneyMax":"","propHeading":"313.00","requiredWeapons":[],"rewardMoneyType":"","doorPosition":"-106.47, 6476.16, 31.95","items":[],"stepName":"hackable door","rewardItemMin":"","rewardItemName":"","rewardItemQuantity":"","rewardMoney":false,"rewardItems":[],"removeXpOnHit":false,"rewardDelayTime":"","xpRewardAmount":"0","triggersBlackout":false,"hackType":"none","xpNeededAmount":"0","guards":[],"penaltyForFailing":false,"animation":"8","type":"hackable_door","requireSimultaneous":false},{"stepNumber":11,"quantity":"","rewardItem":true,"unlockTimeCheckbox":false,"selectedWeapon":"","xpOptions":false,"isRequiredNextStage":true,"selectedDoorName":"","propName":"ch_prop_cash_low_trolly_01a","minigameType":"","heading":"350.00","xpRemoveAmount":"0","lasers":[],"targetVector":"-104.68, 6478.92, 30.63","targetText":"","dropWalletWithPasscode":false,"triggersBlackout":false,"createExplosion":false,"pedCoords":"-104.68, 6478.92, 30.63","difficulty":"","requireWeaponInHand":false,"penaltyType":"","minigameCheckbox":false,"requiresItem":false,"delayRewardCheckbox":false,"propHeading":"350.00","xpRewardAmount":"0","rewardItemMax":"2","itemName":"","isOptional":false,"rewardItemMin":"1","sendAlert":false,"rewardMoneyMax":"1","unlockTime":"","requiredWeapons":[],"lootableItems":[],"rewardItemName":"inkedmoneybag","items":[],"stepName":"robabble object","rewardItemQuantity":"","rewardMoneyType":"cash","rewardMoney":false,"rewardMoneyMin":"1","rewardItems":[{"minAmount":1,"itemName":"inkedmoneybag","maxAmount":2,"rewardChance":100},{"minAmount":5,"itemName":"markedbills","maxAmount":6,"rewardChance":100},{"minAmount":1,"itemName":"adv_laptop","maxAmount":1,"rewardChance":15}],"penaltyChance":"","rewardDelayTime":"1","guards":[],"penaltyForFailing":false,"hackType":"none","xpNeededAmount":"0","type":"robabble_object","blackoutDuration":"1","animation":"ch_prop_cash_low_trolly_01a","removeXpOnHit":false,"requireSimultaneous":false},{"stepNumber":12,"quantity":"","rewardItem":true,"unlockTimeCheckbox":false,"selectedWeapon":"","xpOptions":false,"isRequiredNextStage":false,"selectedDoorName":"","propName":"ch_prop_cash_low_trolly_01a","minigameType":"","heading":"89.00","xpRemoveAmount":"0","lasers":[],"targetVector":"-102.19, 6476.70, 30.63","targetText":"","dropWalletWithPasscode":false,"triggersBlackout":false,"createExplosion":false,"pedCoords":"-102.19, 6476.70, 30.63","difficulty":"","requireWeaponInHand":false,"penaltyType":"","minigameCheckbox":false,"requiresItem":false,"delayRewardCheckbox":false,"propHeading":"89.00","xpRewardAmount":"0","rewardItemMax":"2","itemName":"","isOptional":false,"rewardItemMin":"1","sendAlert":false,"rewardMoneyMax":"1","unlockTime":"","requiredWeapons":[],"lootableItems":[],"rewardItemName":"inkedmoneybag","items":[],"stepName":"robabble object (Copy 2)","rewardItemQuantity":"","rewardMoneyType":"cash","rewardMoney":false,"rewardMoneyMin":"1","rewardItems":[{"minAmount":1,"itemName":"inkedmoneybag","maxAmount":2,"rewardChance":100},{"minAmount":5,"itemName":"markedbills","maxAmount":6,"rewardChance":100},{"minAmount":1,"itemName":"adv_laptop","maxAmount":1,"rewardChance":15}],"penaltyChance":"","rewardDelayTime":"1","guards":[],"penaltyForFailing":false,"hackType":"none","xpNeededAmount":"0","type":"robabble_object","blackoutDuration":"1","animation":"ch_prop_cash_low_trolly_01a","removeXpOnHit":false,"requireSimultaneous":false},{"stepNumber":13,"quantity":"","rewardItem":true,"unlockTimeCheckbox":false,"selectedWeapon":"","xpOptions":false,"isRequiredNextStage":false,"selectedDoorName":"","propName":"ch_prop_cash_low_trolly_01a","minigameType":"","heading":"47.00","xpRemoveAmount":"0","lasers":[],"targetVector":"-103.46, 6475.14, 30.65","targetText":"","dropWalletWithPasscode":false,"triggersBlackout":false,"createExplosion":false,"pedCoords":"-103.46, 6475.14, 30.65","difficulty":"","requireWeaponInHand":false,"penaltyType":"","minigameCheckbox":false,"requiresItem":false,"delayRewardCheckbox":false,"propHeading":"47.00","xpRewardAmount":"0","rewardItemMax":"2","itemName":"","isOptional":false,"rewardItemMin":"1","sendAlert":false,"rewardMoneyMax":"1","unlockTime":"","requiredWeapons":[],"lootableItems":[],"rewardItemName":"inkedmoneybag","items":[],"stepName":"robabble object (Copy 2) (Copy 1)","rewardItemQuantity":"","rewardMoneyType":"cash","rewardMoney":false,"rewardMoneyMin":"1","rewardItems":[{"minAmount":1,"itemName":"inkedmoneybag","maxAmount":2,"rewardChance":100},{"minAmount":5,"itemName":"markedbills","maxAmount":6,"rewardChance":100},{"minAmount":1,"itemName":"adv_laptop","maxAmount":1,"rewardChance":15}],"penaltyChance":"","rewardDelayTime":"1","guards":[],"penaltyForFailing":false,"hackType":"none","xpNeededAmount":"0","type":"robabble_object","blackoutDuration":"1","animation":"ch_prop_cash_low_trolly_01a","removeXpOnHit":false,"requireSimultaneous":false}]', '{"robberyCooldown":"60","cooldownMinutes":0,"policeJobs":[],"blipFlash":true,"alertSound1":"robberysound","alertCode":"10-90","blipSprite":1,"policeAlert":"Paleto Bank Alarm","policeRequired":"4","alertIcon":"fas fa-exclamation-triangle","cooldownHeists":[],"alertPriority":1,"minutesUntilRobbery":"","policeAlertHeader":"","blipColor":6}');

-- Dumping data for table qboxproject_668ffc.pug_sellitems: ~0 rows (approximately)
INSERT INTO `pug_sellitems` (`id`, `settings`) VALUES
	(1, '                {"targets":[{"pedCoords":"1211.88, 1858.16, 77.97","sellAllItems":true,"targetText":"Trade Vile","sellItem":true,"targetVector":"1211.57, 1857.23, 79.04","animation":"8","sendAlert":true,"requireQuantity":true,"propHeading":"0.00","propName":"","playerHeading":"216.00","sellItems":[{"rewardMoneyMin":"0","rewardItems":[{"rewardItemMin":"2","rewardItemName":"C4","rewardItemChance":"100","rewardItemMax":"5"}],"delayReward":true,"quantity":"5","rewardMoneyType":"cash","itemName":"HUMANECO2","rewardDelayTime":"10","rewardMoneyMax":"0"}]}]}\n            ');

-- Dumping data for table qboxproject_668ffc.ra_boosting_contracts: ~10 rows (approximately)
INSERT INTO `ra_boosting_contracts` (`id`, `owner_identifier`, `status`, `price`, `experience_gain`, `payout_cash`, `payout_crypto`, `employer`, `vehicle_model`, `vehicle_model_name`, `vehicle_license_plate`, `vehicle_class`, `is_vehicle_tuned`, `expiration_date`) VALUES
	(1, 'Y47QQO20', 'COMPLETED', 0, 1, 743, 1, 'Anonymous', 'blazer', 'Nagasaki Blazer', '8439ELXT', 'D', 0, '2024-12-22 08:33:04'),
	(2, 'Y47QQO20', 'AVAILABLE', 0, 1, 892, 1, 'Anonymous', 'minivan', 'Vapid Minivan', '2795YSFY', 'D', 0, '2024-12-22 07:45:04'),
	(3, 'Y47QQO20', 'AVAILABLE', 0, 1, 1034, 1, 'Anonymous', 'emperor', 'Declasse Emperor', '9445VWPE', 'D', 0, '2024-12-22 06:52:04'),
	(4, 'Y47QQO20', 'AVAILABLE', 0, 1, 908, 1, 'Anonymous', 'asea', 'Declasse Asea', '6402UBZG', 'D', 0, '2024-12-22 06:45:04'),
	(5, 'Y47QQO20', 'AVAILABLE', 0, 1, 1231, 1, 'Anonymous', 'hermes', 'Albany Hermes', '8692ARUD', 'D', 0, '2024-12-22 07:37:04'),
	(6, 'Z9B5D8M6', 'AVAILABLE', 0, 1, 1220, 1, 'Anonymous', 'pony', 'Brute Pony', '7681OWLO', 'D', 0, '2024-12-23 06:52:12'),
	(7, 'Z9B5D8M6', 'AVAILABLE', 0, 1, 1213, 1, 'Anonymous', 'burrito3', 'Declasse Burrito', '1844WYFW', 'D', 1, '2024-12-23 06:59:12'),
	(8, 'Z9B5D8M6', 'AVAILABLE', 0, 1, 1487, 1, 'Anonymous', 'bodhi2', 'Canis Bodhi', '3425THKL', 'D', 0, '2024-12-23 08:10:12'),
	(9, 'Z9B5D8M6', 'AVAILABLE', 0, 1, 784, 1, 'Anonymous', 'paradise', 'Bravado Paradise', '3062WQPN', 'D', 0, '2024-12-23 07:41:12'),
	(10, 'Z9B5D8M6', 'AVAILABLE', 0, 1, 1222, 1, 'Anonymous', 'tornado', 'Declasse Tornado', '3766TWVH', 'D', 1, '2024-12-23 07:18:12');

-- Dumping data for table qboxproject_668ffc.ra_boosting_user_settings: ~0 rows (approximately)
INSERT INTO `ra_boosting_user_settings` (`player_identifier`, `alias`, `profile_picture`, `experience`, `crypto`, `is_initialized`, `created_at`) VALUES
	('Y47QQO20', 'User 51594', 'https://media.rahe.dev/img/defaultprofile.webp', 1, 1, 1, '2024-12-22 05:34:04'),
	('Z9B5D8M6', 'User 73020', 'https://media.rahe.dev/img/defaultprofile.webp', 0, 0, 1, '2024-12-23 05:22:12');

-- Dumping data for table qboxproject_668ffc.reputation_boosts: ~0 rows (approximately)

-- Dumping data for table qboxproject_668ffc.sd_beekeeping: ~0 rows (approximately)

-- Dumping data for table qboxproject_668ffc.sf_cams: ~0 rows (approximately)

-- Dumping data for table qboxproject_668ffc.spawnbookmarks: 0 rows
/*!40000 ALTER TABLE `spawnbookmarks` DISABLE KEYS */;
/*!40000 ALTER TABLE `spawnbookmarks` ENABLE KEYS */;

-- Dumping data for table qboxproject_668ffc.sprays: ~0 rows (approximately)

-- Dumping data for table qboxproject_668ffc.storage_units: ~0 rows (approximately)
INSERT INTO `storage_units` (`id`, `owner`, `owned`, `password`) VALUES
	(4, 'V7J9L525', 1, '1234');

-- Dumping data for table qboxproject_668ffc.users: ~2 rows (approximately)
INSERT INTO `users` (`userId`, `username`, `license`, `license2`, `fivem`, `discord`) VALUES
	(1, 'YBBA', 'license:27ef90662217745982ad9f2bb4c7ba474d690465', 'license2:27ef90662217745982ad9f2bb4c7ba474d690465', 'fivem:14747650', 'discord:547034093007929344'),
	(2, 'Looking 4 Tortas', 'license:f66162f1d62214674d1050c07c3a3e3dd9dacc57', 'license2:f66162f1d62214674d1050c07c3a3e3dd9dacc57', 'fivem:13112024', 'discord:901632687423500309'),
	(3, 'average onlyfriends member', 'license:35eaecac23030e4172cc3e2410df9f10e7ce1222', 'license2:35eaecac23030e4172cc3e2410df9f10e7ce1222', 'fivem:1444409', 'discord:512021610241458176');

-- Dumping data for table qboxproject_668ffc.vehicle_financing: ~0 rows (approximately)

-- Dumping data for table qboxproject_668ffc.warns: ~0 rows (approximately)
INSERT INTO `warns` (`id`, `name`, `license`, `reason`, `warnedby`, `warnedtime`) VALUES
	(1, 'YBBA', 'license:27ef90662217745982ad9f2bb4c7ba474d690465', 'shut up nigga', 'Looking 4 Tortas', 1734805938);

-- Dumping data for table qboxproject_668ffc.weed_plants: ~0 rows (approximately)

-- Dumping data for table qboxproject_668ffc.xt_prison: ~11 rows (approximately)
INSERT INTO `xt_prison` (`identifier`, `jailtime`) VALUES
	('DF2333H2', 0),
	('F3A13LMP', 0),
	('GCO14523', 0),
	('JX4C11RP', 0),
	('K9V6O0N4', 0),
	('P31S0U12', 0),
	('PK8BR0R0', 0),
	('R25CEL3I', 0),
	('V7J9L525', 0),
	('XIMZ88BF', 0),
	('XKXFT79R', 0),
	('Y47QQO20', 0),
	('Z9B5D8M6', 0),
	('ZOM2ZLHO', 0);

-- Dumping data for table qboxproject_668ffc.xt_prison_items: ~0 rows (approximately)

-- Dumping data for table qboxproject_668ffc.zrx_uniqueid: ~0 rows (approximately)
INSERT INTO `zrx_uniqueid` (`identifier`, `uid`, `name`) VALUES
	('27ef90662217745982ad9f2bb4c7ba474d690465', 1, 'YBBA');

/*!40103 SET TIME_ZONE=IFNULL(@OLD_TIME_ZONE, 'system') */;
/*!40101 SET SQL_MODE=IFNULL(@OLD_SQL_MODE, '') */;
/*!40014 SET FOREIGN_KEY_CHECKS=IFNULL(@OLD_FOREIGN_KEY_CHECKS, 1) */;
/*!40101 SET CHARACTER_SET_CLIENT=@OLD_CHARACTER_SET_CLIENT */;
/*!40111 SET SQL_NOTES=IFNULL(@OLD_SQL_NOTES, 1) */;
